product,model,origin,h,month,actual,forecast,abs_err
AWC Logo Cap,Naive,2013-11-01,1,2013-12-01,301.0,319.0,18.0
AWC Logo Cap,Naive,2013-11-01,2,2014-01-01,365.0,319.0,46.0
AWC Logo Cap,Naive,2013-11-01,3,2014-02-01,180.0,319.0,139.0
AWC Logo Cap,Seasonal naive,2013-11-01,1,2013-12-01,301.0,135.0,166.0
AWC Logo Cap,Seasonal naive,2013-11-01,2,2014-01-01,365.0,124.0,241.0
AWC Logo Cap,Seasonal naive,2013-11-01,3,2014-02-01,180.0,146.0,34.0
AWC Logo Cap,Moving avg (3),2013-11-01,1,2013-12-01,301.0,388.3333333333333,87.33333333333331
AWC Logo Cap,Moving avg (3),2013-11-01,2,2014-01-01,365.0,388.3333333333333,23.333333333333314
AWC Logo Cap,Moving avg (3),2013-11-01,3,2014-02-01,180.0,388.3333333333333,208.33333333333331
AWC Logo Cap,"ETS (A,N,N)",2013-11-01,1,2013-12-01,301.0,363.57873417679207,62.57873417679207
AWC Logo Cap,"ETS (A,N,N)",2013-11-01,2,2014-01-01,365.0,363.57873417679207,1.421265823207932
AWC Logo Cap,"ETS (A,N,N)",2013-11-01,3,2014-02-01,180.0,363.57873417679207,183.57873417679207
AWC Logo Cap,"ETS (A,Ad,N)",2013-11-01,1,2013-12-01,301.0,388.1754130180498,87.17541301804982
AWC Logo Cap,"ETS (A,Ad,N)",2013-11-01,2,2014-01-01,365.0,395.296105314002,30.296105314001977
AWC Logo Cap,"ETS (A,Ad,N)",2013-11-01,3,2014-02-01,180.0,402.27438376403506,222.27438376403506
AWC Logo Cap,"ETS (A,N,N) post-break",2013-11-01,1,2013-12-01,301.0,408.9989214707848,107.99892147078481
AWC Logo Cap,"ETS (A,N,N) post-break",2013-11-01,2,2014-01-01,365.0,408.9989214707848,43.99892147078481
AWC Logo Cap,"ETS (A,N,N) post-break",2013-11-01,3,2014-02-01,180.0,408.9989214707848,228.9989214707848
AWC Logo Cap,Naive,2013-12-01,1,2014-01-01,365.0,301.0,64.0
AWC Logo Cap,Naive,2013-12-01,2,2014-02-01,180.0,301.0,121.0
AWC Logo Cap,Naive,2013-12-01,3,2014-03-01,663.0,301.0,362.0
AWC Logo Cap,Seasonal naive,2013-12-01,1,2014-01-01,365.0,124.0,241.0
AWC Logo Cap,Seasonal naive,2013-12-01,2,2014-02-01,180.0,146.0,34.0
AWC Logo Cap,Seasonal naive,2013-12-01,3,2014-03-01,663.0,244.0,419.0
AWC Logo Cap,Moving avg (3),2013-12-01,1,2014-01-01,365.0,342.0,23.0
AWC Logo Cap,Moving avg (3),2013-12-01,2,2014-02-01,180.0,342.0,162.0
AWC Logo Cap,Moving avg (3),2013-12-01,3,2014-03-01,663.0,342.0,321.0
AWC Logo Cap,"ETS (A,N,N)",2013-12-01,1,2014-01-01,365.0,329.4260313832873,35.573968616712705
AWC Logo Cap,"ETS (A,N,N)",2013-12-01,2,2014-02-01,180.0,329.4260313832873,149.4260313832873
AWC Logo Cap,"ETS (A,N,N)",2013-12-01,3,2014-03-01,663.0,329.4260313832873,333.5739686167127
AWC Logo Cap,"ETS (A,Ad,N)",2013-12-01,1,2014-01-01,365.0,352.1562124884385,12.843787511561516
AWC Logo Cap,"ETS (A,Ad,N)",2013-12-01,2,2014-02-01,180.0,358.4407726547935,178.44077265479348
AWC Logo Cap,"ETS (A,Ad,N)",2013-12-01,3,2014-03-01,663.0,364.59964161782136,298.40035838217864
AWC Logo Cap,"ETS (A,N,N) post-break",2013-12-01,1,2014-01-01,365.0,330.9725276694692,34.02747233053083
AWC Logo Cap,"ETS (A,N,N) post-break",2013-12-01,2,2014-02-01,180.0,330.9725276694692,150.97252766946917
AWC Logo Cap,"ETS (A,N,N) post-break",2013-12-01,3,2014-03-01,663.0,330.9725276694692,332.0274723305308
AWC Logo Cap,Naive,2014-01-01,1,2014-02-01,180.0,365.0,185.0
AWC Logo Cap,Naive,2014-01-01,2,2014-03-01,663.0,365.0,298.0
AWC Logo Cap,Naive,2014-01-01,3,2014-04-01,193.0,365.0,172.0
AWC Logo Cap,Seasonal naive,2014-01-01,1,2014-02-01,180.0,146.0,34.0
AWC Logo Cap,Seasonal naive,2014-01-01,2,2014-03-01,663.0,244.0,419.0
AWC Logo Cap,Seasonal naive,2014-01-01,3,2014-04-01,193.0,182.0,11.0
AWC Logo Cap,Moving avg (3),2014-01-01,1,2014-02-01,180.0,328.3333333333333,148.33333333333331
AWC Logo Cap,Moving avg (3),2014-01-01,2,2014-03-01,663.0,328.3333333333333,334.6666666666667
AWC Logo Cap,Moving avg (3),2014-01-01,3,2014-04-01,193.0,328.3333333333333,135.33333333333331
AWC Logo Cap,"ETS (A,N,N)",2014-01-01,1,2014-02-01,180.0,348.6386656048391,168.6386656048391
AWC Logo Cap,"ETS (A,N,N)",2014-01-01,2,2014-03-01,663.0,348.6386656048391,314.3613343951609
AWC Logo Cap,"ETS (A,N,N)",2014-01-01,3,2014-04-01,193.0,348.6386656048391,155.6386656048391
AWC Logo Cap,"ETS (A,Ad,N)",2014-01-01,1,2014-02-01,180.0,366.88060025694546,186.88060025694546
AWC Logo Cap,"ETS (A,Ad,N)",2014-01-01,2,2014-03-01,663.0,373.7762387596411,289.2237612403589
AWC Logo Cap,"ETS (A,Ad,N)",2014-01-01,3,2014-04-01,193.0,380.5339644922828,187.5339644922828
AWC Logo Cap,"ETS (A,N,N) post-break",2014-01-01,1,2014-02-01,180.0,354.0376436814835,174.03764368148347
AWC Logo Cap,"ETS (A,N,N) post-break",2014-01-01,2,2014-03-01,663.0,354.0376436814835,308.9623563185165
AWC Logo Cap,"ETS (A,N,N) post-break",2014-01-01,3,2014-04-01,193.0,354.0376436814835,161.03764368148347
AWC Logo Cap,Naive,2014-02-01,1,2014-03-01,663.0,180.0,483.0
AWC Logo Cap,Naive,2014-02-01,2,2014-04-01,193.0,180.0,13.0
AWC Logo Cap,Naive,2014-02-01,3,2014-05-01,456.0,180.0,276.0
AWC Logo Cap,Seasonal naive,2014-02-01,1,2014-03-01,663.0,244.0,419.0
AWC Logo Cap,Seasonal naive,2014-02-01,2,2014-04-01,193.0,182.0,11.0
AWC Logo Cap,Seasonal naive,2014-02-01,3,2014-05-01,456.0,261.0,195.0
AWC Logo Cap,Moving avg (3),2014-02-01,1,2014-03-01,663.0,282.0,381.0
AWC Logo Cap,Moving avg (3),2014-02-01,2,2014-04-01,193.0,282.0,89.0
AWC Logo Cap,Moving avg (3),2014-02-01,3,2014-05-01,456.0,282.0,174.0
AWC Logo Cap,"ETS (A,N,N)",2014-02-01,1,2014-03-01,663.0,258.8325147276299,404.1674852723701
AWC Logo Cap,"ETS (A,N,N)",2014-02-01,2,2014-04-01,193.0,258.8325147276299,65.83251472762993
AWC Logo Cap,"ETS (A,N,N)",2014-02-01,3,2014-05-01,456.0,258.8325147276299,197.16748527237007
AWC Logo Cap,"ETS (A,Ad,N)",2014-02-01,1,2014-03-01,663.0,274.08371559538756,388.91628440461244
AWC Logo Cap,"ETS (A,Ad,N)",2014-02-01,2,2014-04-01,193.0,277.6069811860286,84.60698118602858
AWC Logo Cap,"ETS (A,Ad,N)",2014-02-01,3,2014-05-01,456.0,281.01210193274807,174.98789806725193
AWC Logo Cap,"ETS (A,N,N) post-break",2014-02-01,1,2014-03-01,663.0,260.0252800003861,402.9747199996139
AWC Logo Cap,"ETS (A,N,N) post-break",2014-02-01,2,2014-04-01,193.0,260.0252800003861,67.02528000038609
AWC Logo Cap,"ETS (A,N,N) post-break",2014-02-01,3,2014-05-01,456.0,260.0252800003861,195.9747199996139
"Long-Sleeve Logo Jersey, L",Naive,2013-11-01,1,2013-12-01,166.0,172.0,6.0
"Long-Sleeve Logo Jersey, L",Naive,2013-11-01,2,2014-01-01,184.0,172.0,12.0
"Long-Sleeve Logo Jersey, L",Naive,2013-11-01,3,2014-02-01,39.0,172.0,133.0
"Long-Sleeve Logo Jersey, L",Seasonal naive,2013-11-01,1,2013-12-01,166.0,143.0,23.0
"Long-Sleeve Logo Jersey, L",Seasonal naive,2013-11-01,2,2014-01-01,184.0,108.0,76.0
"Long-Sleeve Logo Jersey, L",Seasonal naive,2013-11-01,3,2014-02-01,39.0,180.0,141.0
"Long-Sleeve Logo Jersey, L",Moving avg (3),2013-11-01,1,2013-12-01,166.0,266.3333333333333,100.33333333333331
"Long-Sleeve Logo Jersey, L",Moving avg (3),2013-11-01,2,2014-01-01,184.0,266.3333333333333,82.33333333333331
"Long-Sleeve Logo Jersey, L",Moving avg (3),2013-11-01,3,2014-02-01,39.0,266.3333333333333,227.33333333333331
"Long-Sleeve Logo Jersey, L","ETS (A,N,N)",2013-11-01,1,2013-12-01,166.0,250.49602305257164,84.49602305257164
"Long-Sleeve Logo Jersey, L","ETS (A,N,N)",2013-11-01,2,2014-01-01,184.0,250.49602305257164,66.49602305257164
"Long-Sleeve Logo Jersey, L","ETS (A,N,N)",2013-11-01,3,2014-02-01,39.0,250.49602305257164,211.49602305257164
"Long-Sleeve Logo Jersey, L","ETS (A,Ad,N)",2013-11-01,1,2013-12-01,166.0,287.8337688226976,121.8337688226976
"Long-Sleeve Logo Jersey, L","ETS (A,Ad,N)",2013-11-01,2,2014-01-01,184.0,293.21741798421874,109.21741798421874
"Long-Sleeve Logo Jersey, L","ETS (A,Ad,N)",2013-11-01,3,2014-02-01,39.0,298.47490556881786,259.47490556881786
"Long-Sleeve Logo Jersey, L","ETS (A,N,N) post-break",2013-11-01,1,2013-12-01,166.0,278.37503767544223,112.37503767544223
"Long-Sleeve Logo Jersey, L","ETS (A,N,N) post-break",2013-11-01,2,2014-01-01,184.0,278.37503767544223,94.37503767544223
"Long-Sleeve Logo Jersey, L","ETS (A,N,N) post-break",2013-11-01,3,2014-02-01,39.0,278.37503767544223,239.37503767544223
"Long-Sleeve Logo Jersey, L",Naive,2013-12-01,1,2014-01-01,184.0,166.0,18.0
"Long-Sleeve Logo Jersey, L",Naive,2013-12-01,2,2014-02-01,39.0,166.0,127.0
"Long-Sleeve Logo Jersey, L",Naive,2013-12-01,3,2014-03-01,464.0,166.0,298.0
"Long-Sleeve Logo Jersey, L",Seasonal naive,2013-12-01,1,2014-01-01,184.0,108.0,76.0
"Long-Sleeve Logo Jersey, L",Seasonal naive,2013-12-01,2,2014-02-01,39.0,180.0,141.0
"Long-Sleeve Logo Jersey, L",Seasonal naive,2013-12-01,3,2014-03-01,464.0,225.0,239.0
"Long-Sleeve Logo Jersey, L",Moving avg (3),2013-12-01,1,2014-01-01,184.0,207.0,23.0
"Long-Sleeve Logo Jersey, L",Moving avg (3),2013-12-01,2,2014-02-01,39.0,207.0,168.0
"Long-Sleeve Logo Jersey, L",Moving avg (3),2013-12-01,3,2014-03-01,464.0,207.0,257.0
"Long-Sleeve Logo Jersey, L","ETS (A,N,N)",2013-12-01,1,2014-01-01,184.0,214.3831374720282,30.38313747202821
"Long-Sleeve Logo Jersey, L","ETS (A,N,N)",2013-12-01,2,2014-02-01,39.0,214.3831374720282,175.3831374720282
"Long-Sleeve Logo Jersey, L","ETS (A,N,N)",2013-12-01,3,2014-03-01,464.0,214.3831374720282,249.6168625279718
"Long-Sleeve Logo Jersey, L","ETS (A,Ad,N)",2013-12-01,1,2014-01-01,184.0,274.046480054005,90.04648005400497
"Long-Sleeve Logo Jersey, L","ETS (A,Ad,N)",2013-12-01,2,2014-02-01,39.0,278.6249705953908,239.62497059539078
"Long-Sleeve Logo Jersey, L","ETS (A,Ad,N)",2013-12-01,3,2014-03-01,464.0,283.1118913259489,180.88810867405113
"Long-Sleeve Logo Jersey, L","ETS (A,N,N) post-break",2013-12-01,1,2014-01-01,184.0,259.64416045804364,75.64416045804364
"Long-Sleeve Logo Jersey, L","ETS (A,N,N) post-break",2013-12-01,2,2014-02-01,39.0,259.64416045804364,220.64416045804364
"Long-Sleeve Logo Jersey, L","ETS (A,N,N) post-break",2013-12-01,3,2014-03-01,464.0,259.64416045804364,204.35583954195636
"Long-Sleeve Logo Jersey, L",Naive,2014-01-01,1,2014-02-01,39.0,184.0,145.0
"Long-Sleeve Logo Jersey, L",Naive,2014-01-01,2,2014-03-01,464.0,184.0,280.0
"Long-Sleeve Logo Jersey, L",Naive,2014-01-01,3,2014-04-01,34.0,184.0,150.0
"Long-Sleeve Logo Jersey, L",Seasonal naive,2014-01-01,1,2014-02-01,39.0,180.0,141.0
"Long-Sleeve Logo Jersey, L",Seasonal naive,2014-01-01,2,2014-03-01,464.0,225.0,239.0
"Long-Sleeve Logo Jersey, L",Seasonal naive,2014-01-01,3,2014-04-01,34.0,167.0,133.0
"Long-Sleeve Logo Jersey, L",Moving avg (3),2014-01-01,1,2014-02-01,39.0,174.0,135.0
"Long-Sleeve Logo Jersey, L",Moving avg (3),2014-01-01,2,2014-03-01,464.0,174.0,290.0
"Long-Sleeve Logo Jersey, L",Moving avg (3),2014-01-01,3,2014-04-01,34.0,174.0,140.0
"Long-Sleeve Logo Jersey, L","ETS (A,N,N)",2014-01-01,1,2014-02-01,39.0,200.12069870816177,161.12069870816177
"Long-Sleeve Logo Jersey, L","ETS (A,N,N)",2014-01-01,2,2014-03-01,464.0,200.12069870816177,263.87930129183826
"Long-Sleeve Logo Jersey, L","ETS (A,N,N)",2014-01-01,3,2014-04-01,34.0,200.12069870816177,166.12069870816177
"Long-Sleeve Logo Jersey, L","ETS (A,Ad,N)",2014-01-01,1,2014-02-01,39.0,257.027036106255,218.02703610625503
"Long-Sleeve Logo Jersey, L","ETS (A,Ad,N)",2014-01-01,2,2014-03-01,464.0,259.1591017688566,204.8408982311434
"Long-Sleeve Logo Jersey, L","ETS (A,Ad,N)",2014-01-01,3,2014-04-01,34.0,261.1663335437905,227.16633354379047
"Long-Sleeve Logo Jersey, L","ETS (A,N,N) post-break",2014-01-01,1,2014-02-01,39.0,191.44716634967557,152.44716634967557
"Long-Sleeve Logo Jersey, L","ETS (A,N,N) post-break",2014-01-01,2,2014-03-01,464.0,191.44716634967557,272.55283365032443
"Long-Sleeve Logo Jersey, L","ETS (A,N,N) post-break",2014-01-01,3,2014-04-01,34.0,191.44716634967557,157.44716634967557
"Long-Sleeve Logo Jersey, L",Naive,2014-02-01,1,2014-03-01,464.0,39.0,425.0
"Long-Sleeve Logo Jersey, L",Naive,2014-02-01,2,2014-04-01,34.0,39.0,5.0
"Long-Sleeve Logo Jersey, L",Naive,2014-02-01,3,2014-05-01,285.0,39.0,246.0
"Long-Sleeve Logo Jersey, L",Seasonal naive,2014-02-01,1,2014-03-01,464.0,225.0,239.0
"Long-Sleeve Logo Jersey, L",Seasonal naive,2014-02-01,2,2014-04-01,34.0,167.0,133.0
"Long-Sleeve Logo Jersey, L",Seasonal naive,2014-02-01,3,2014-05-01,285.0,257.0,28.0
"Long-Sleeve Logo Jersey, L",Moving avg (3),2014-02-01,1,2014-03-01,464.0,129.66666666666666,334.33333333333337
"Long-Sleeve Logo Jersey, L",Moving avg (3),2014-02-01,2,2014-04-01,34.0,129.66666666666666,95.66666666666666
"Long-Sleeve Logo Jersey, L",Moving avg (3),2014-02-01,3,2014-05-01,285.0,129.66666666666666,155.33333333333334
"Long-Sleeve Logo Jersey, L","ETS (A,N,N)",2014-02-01,1,2014-03-01,464.0,120.1442024733164,343.8557975266836
"Long-Sleeve Logo Jersey, L","ETS (A,N,N)",2014-02-01,2,2014-04-01,34.0,120.1442024733164,86.1442024733164
"Long-Sleeve Logo Jersey, L","ETS (A,N,N)",2014-02-01,3,2014-05-01,285.0,120.1442024733164,164.8557975266836
"Long-Sleeve Logo Jersey, L","ETS (A,Ad,N)",2014-02-01,1,2014-03-01,464.0,130.52875600771577,333.47124399228426
"Long-Sleeve Logo Jersey, L","ETS (A,Ad,N)",2014-02-01,2,2014-04-01,34.0,131.10765418548996,97.10765418548996
"Long-Sleeve Logo Jersey, L","ETS (A,Ad,N)",2014-02-01,3,2014-05-01,285.0,131.63286611637787,153.36713388362213
"Long-Sleeve Logo Jersey, L","ETS (A,N,N) post-break",2014-02-01,1,2014-03-01,464.0,94.27918237800817,369.72081762199184
"Long-Sleeve Logo Jersey, L","ETS (A,N,N) post-break",2014-02-01,2,2014-04-01,34.0,94.27918237800817,60.27918237800817
"Long-Sleeve Logo Jersey, L","ETS (A,N,N) post-break",2014-02-01,3,2014-05-01,285.0,94.27918237800817,190.72081762199184
"Sport-100 Helmet, Blue",Naive,2013-11-01,1,2013-12-01,260.0,281.0,21.0
"Sport-100 Helmet, Blue",Naive,2013-11-01,2,2014-01-01,278.0,281.0,3.0
"Sport-100 Helmet, Blue",Naive,2013-11-01,3,2014-02-01,181.0,281.0,100.0
"Sport-100 Helmet, Blue",Seasonal naive,2013-11-01,1,2013-12-01,260.0,94.0,166.0
"Sport-100 Helmet, Blue",Seasonal naive,2013-11-01,2,2014-01-01,278.0,69.0,209.0
"Sport-100 Helmet, Blue",Seasonal naive,2013-11-01,3,2014-02-01,181.0,141.0,40.0
"Sport-100 Helmet, Blue",Moving avg (3),2013-11-01,1,2013-12-01,260.0,338.0,78.0
"Sport-100 Helmet, Blue",Moving avg (3),2013-11-01,2,2014-01-01,278.0,338.0,60.0
"Sport-100 Helmet, Blue",Moving avg (3),2013-11-01,3,2014-02-01,181.0,338.0,157.0
"Sport-100 Helmet, Blue","ETS (A,N,N)",2013-11-01,1,2013-12-01,260.0,315.21588770533447,55.21588770533447
"Sport-100 Helmet, Blue","ETS (A,N,N)",2013-11-01,2,2014-01-01,278.0,315.21588770533447,37.21588770533447
"Sport-100 Helmet, Blue","ETS (A,N,N)",2013-11-01,3,2014-02-01,181.0,315.21588770533447,134.21588770533447
"Sport-100 Helmet, Blue","ETS (A,Ad,N)",2013-11-01,1,2013-12-01,260.0,332.11765332695455,72.11765332695455
"Sport-100 Helmet, Blue","ETS (A,Ad,N)",2013-11-01,2,2014-01-01,278.0,338.7681901530118,60.7681901530118
"Sport-100 Helmet, Blue","ETS (A,Ad,N)",2013-11-01,3,2014-02-01,181.0,345.28571624254795,164.28571624254795
"Sport-100 Helmet, Blue","ETS (A,N,N) post-break",2013-11-01,1,2013-12-01,260.0,343.58810812260145,83.58810812260145
"Sport-100 Helmet, Blue","ETS (A,N,N) post-break",2013-11-01,2,2014-01-01,278.0,343.58810812260145,65.58810812260145
"Sport-100 Helmet, Blue","ETS (A,N,N) post-break",2013-11-01,3,2014-02-01,181.0,343.58810812260145,162.58810812260145
"Sport-100 Helmet, Blue",Naive,2013-12-01,1,2014-01-01,278.0,260.0,18.0
"Sport-100 Helmet, Blue",Naive,2013-12-01,2,2014-02-01,181.0,260.0,79.0
"Sport-100 Helmet, Blue",Naive,2013-12-01,3,2014-03-01,570.0,260.0,310.0
"Sport-100 Helmet, Blue",Seasonal naive,2013-12-01,1,2014-01-01,278.0,69.0,209.0
"Sport-100 Helmet, Blue",Seasonal naive,2013-12-01,2,2014-02-01,181.0,141.0,40.0
"Sport-100 Helmet, Blue",Seasonal naive,2013-12-01,3,2014-03-01,570.0,163.0,407.0
"Sport-100 Helmet, Blue",Moving avg (3),2013-12-01,1,2014-01-01,278.0,311.6666666666667,33.666666666666686
"Sport-100 Helmet, Blue",Moving avg (3),2013-12-01,2,2014-02-01,181.0,311.6666666666667,130.66666666666669
"Sport-100 Helmet, Blue",Moving avg (3),2013-12-01,3,2014-03-01,570.0,311.6666666666667,258.3333333333333
"Sport-100 Helmet, Blue","ETS (A,N,N)",2013-12-01,1,2014-01-01,278.0,279.75634001180424,1.756340011804241
"Sport-100 Helmet, Blue","ETS (A,N,N)",2013-12-01,2,2014-02-01,181.0,279.75634001180424,98.75634001180424
"Sport-100 Helmet, Blue","ETS (A,N,N)",2013-12-01,3,2014-03-01,570.0,279.75634001180424,290.24365998819576
"Sport-100 Helmet, Blue","ETS (A,Ad,N)",2013-12-01,1,2014-01-01,278.0,294.92277792076334,16.922777920763338
"Sport-100 Helmet, Blue","ETS (A,Ad,N)",2013-12-01,2,2014-02-01,181.0,300.69893179343654,119.69893179343654
"Sport-100 Helmet, Blue","ETS (A,Ad,N)",2013-12-01,3,2014-03-01,570.0,306.3595625886563,263.6404374113437
"Sport-100 Helmet, Blue","ETS (A,N,N) post-break",2013-12-01,1,2014-01-01,278.0,329.666713723979,51.666713723979
"Sport-100 Helmet, Blue","ETS (A,N,N) post-break",2013-12-01,2,2014-02-01,181.0,329.666713723979,148.666713723979
"Sport-100 Helmet, Blue","ETS (A,N,N) post-break",2013-12-01,3,2014-03-01,570.0,329.666713723979,240.333286276021
"Sport-100 Helmet, Blue",Naive,2014-01-01,1,2014-02-01,181.0,278.0,97.0
"Sport-100 Helmet, Blue",Naive,2014-01-01,2,2014-03-01,570.0,278.0,292.0
"Sport-100 Helmet, Blue",Naive,2014-01-01,3,2014-04-01,222.0,278.0,56.0
"Sport-100 Helmet, Blue",Seasonal naive,2014-01-01,1,2014-02-01,181.0,141.0,40.0
"Sport-100 Helmet, Blue",Seasonal naive,2014-01-01,2,2014-03-01,570.0,163.0,407.0
"Sport-100 Helmet, Blue",Seasonal naive,2014-01-01,3,2014-04-01,222.0,148.0,74.0
"Sport-100 Helmet, Blue",Moving avg (3),2014-01-01,1,2014-02-01,181.0,273.0,92.0
"Sport-100 Helmet, Blue",Moving avg (3),2014-01-01,2,2014-03-01,570.0,273.0,297.0
"Sport-100 Helmet, Blue",Moving avg (3),2014-01-01,3,2014-04-01,222.0,273.0,51.0
"Sport-100 Helmet, Blue","ETS (A,N,N)",2014-01-01,1,2014-02-01,181.0,278.63581563690343,97.63581563690343
"Sport-100 Helmet, Blue","ETS (A,N,N)",2014-01-01,2,2014-03-01,570.0,278.63581563690343,291.36418436309657
"Sport-100 Helmet, Blue","ETS (A,N,N)",2014-01-01,3,2014-04-01,222.0,278.63581563690343,56.63581563690343
"Sport-100 Helmet, Blue","ETS (A,Ad,N)",2014-01-01,1,2014-02-01,181.0,290.0726466822734,109.07264668227339
"Sport-100 Helmet, Blue","ETS (A,Ad,N)",2014-01-01,2,2014-03-01,570.0,295.56445779699743,274.43554220300257
"Sport-100 Helmet, Blue","ETS (A,Ad,N)",2014-01-01,3,2014-04-01,222.0,300.946432689427,78.94643268942701
"Sport-100 Helmet, Blue","ETS (A,N,N) post-break",2014-01-01,1,2014-02-01,181.0,322.25461330494653,141.25461330494653
"Sport-100 Helmet, Blue","ETS (A,N,N) post-break",2014-01-01,2,2014-03-01,570.0,322.25461330494653,247.74538669505347
"Sport-100 Helmet, Blue","ETS (A,N,N) post-break",2014-01-01,3,2014-04-01,222.0,322.25461330494653,100.25461330494653
"Sport-100 Helmet, Blue",Naive,2014-02-01,1,2014-03-01,570.0,181.0,389.0
"Sport-100 Helmet, Blue",Naive,2014-02-01,2,2014-04-01,222.0,181.0,41.0
"Sport-100 Helmet, Blue",Naive,2014-02-01,3,2014-05-01,431.0,181.0,250.0
"Sport-100 Helmet, Blue",Seasonal naive,2014-02-01,1,2014-03-01,570.0,163.0,407.0
"Sport-100 Helmet, Blue",Seasonal naive,2014-02-01,2,2014-04-01,222.0,148.0,74.0
"Sport-100 Helmet, Blue",Seasonal naive,2014-02-01,3,2014-05-01,431.0,237.0,194.0
"Sport-100 Helmet, Blue",Moving avg (3),2014-02-01,1,2014-03-01,570.0,239.66666666666666,330.33333333333337
"Sport-100 Helmet, Blue",Moving avg (3),2014-02-01,2,2014-04-01,222.0,239.66666666666666,17.666666666666657
"Sport-100 Helmet, Blue",Moving avg (3),2014-02-01,3,2014-05-01,431.0,239.66666666666666,191.33333333333334
"Sport-100 Helmet, Blue","ETS (A,N,N)",2014-02-01,1,2014-03-01,570.0,215.15537011204725,354.84462988795275
"Sport-100 Helmet, Blue","ETS (A,N,N)",2014-02-01,2,2014-04-01,222.0,215.15537011204725,6.844629887952749
"Sport-100 Helmet, Blue","ETS (A,N,N)",2014-02-01,3,2014-05-01,431.0,215.15537011204725,215.84462988795275
"Sport-100 Helmet, Blue","ETS (A,Ad,N)",2014-02-01,1,2014-03-01,570.0,223.91533574306195,346.084664256938
"Sport-100 Helmet, Blue","ETS (A,Ad,N)",2014-02-01,2,2014-04-01,222.0,227.31787049728686,5.317870497286862
"Sport-100 Helmet, Blue","ETS (A,Ad,N)",2014-02-01,3,2014-05-01,431.0,230.63077871606706,200.36922128393294
"Sport-100 Helmet, Blue","ETS (A,N,N) post-break",2014-02-01,1,2014-03-01,570.0,226.29216769061844,343.70783230938156
"Sport-100 Helmet, Blue","ETS (A,N,N) post-break",2014-02-01,2,2014-04-01,222.0,226.29216769061844,4.292167690618442
"Sport-100 Helmet, Blue","ETS (A,N,N) post-break",2014-02-01,3,2014-05-01,431.0,226.29216769061844,204.70783230938156
"Sport-100 Helmet, Black",Naive,2013-11-01,1,2013-12-01,263.0,273.0,10.0
"Sport-100 Helmet, Black",Naive,2013-11-01,2,2014-01-01,291.0,273.0,18.0
"Sport-100 Helmet, Black",Naive,2013-11-01,3,2014-02-01,154.0,273.0,119.0
"Sport-100 Helmet, Black",Seasonal naive,2013-11-01,1,2013-12-01,263.0,68.0,195.0
"Sport-100 Helmet, Black",Seasonal naive,2013-11-01,2,2014-01-01,291.0,81.0,210.0
"Sport-100 Helmet, Black",Seasonal naive,2013-11-01,3,2014-02-01,154.0,139.0,15.0
"Sport-100 Helmet, Black",Moving avg (3),2013-11-01,1,2013-12-01,263.0,339.3333333333333,76.33333333333331
"Sport-100 Helmet, Black",Moving avg (3),2013-11-01,2,2014-01-01,291.0,339.3333333333333,48.333333333333314
"Sport-100 Helmet, Black",Moving avg (3),2013-11-01,3,2014-02-01,154.0,339.3333333333333,185.33333333333331
"Sport-100 Helmet, Black","ETS (A,N,N)",2013-11-01,1,2013-12-01,263.0,303.4558135897089,40.455813589708896
"Sport-100 Helmet, Black","ETS (A,N,N)",2013-11-01,2,2014-01-01,291.0,303.4558135897089,12.455813589708896
"Sport-100 Helmet, Black","ETS (A,N,N)",2013-11-01,3,2014-02-01,154.0,303.4558135897089,149.4558135897089
"Sport-100 Helmet, Black","ETS (A,Ad,N)",2013-11-01,1,2013-12-01,263.0,318.5736176939641,55.57361769396408
"Sport-100 Helmet, Black","ETS (A,Ad,N)",2013-11-01,2,2014-01-01,291.0,324.9992757711765,33.999275771176485
"Sport-100 Helmet, Black","ETS (A,Ad,N)",2013-11-01,3,2014-02-01,154.0,331.29642068684467,177.29642068684467
"Sport-100 Helmet, Black","ETS (A,N,N) post-break",2013-11-01,1,2013-12-01,263.0,354.19281979572463,91.19281979572463
"Sport-100 Helmet, Black","ETS (A,N,N) post-break",2013-11-01,2,2014-01-01,291.0,354.19281979572463,63.19281979572463
"Sport-100 Helmet, Black","ETS (A,N,N) post-break",2013-11-01,3,2014-02-01,154.0,354.19281979572463,200.19281979572463
"Sport-100 Helmet, Black",Naive,2013-12-01,1,2014-01-01,291.0,263.0,28.0
"Sport-100 Helmet, Black",Naive,2013-12-01,2,2014-02-01,154.0,263.0,109.0
"Sport-100 Helmet, Black",Naive,2013-12-01,3,2014-03-01,569.0,263.0,306.0
"Sport-100 Helmet, Black",Seasonal naive,2013-12-01,1,2014-01-01,291.0,81.0,210.0
"Sport-100 Helmet, Black",Seasonal naive,2013-12-01,2,2014-02-01,154.0,139.0,15.0
"Sport-100 Helmet, Black",Seasonal naive,2013-12-01,3,2014-03-01,569.0,160.0,409.0
"Sport-100 Helmet, Black",Moving avg (3),2013-12-01,1,2014-01-01,291.0,308.0,17.0
"Sport-100 Helmet, Black",Moving avg (3),2013-12-01,2,2014-02-01,154.0,308.0,154.0
"Sport-100 Helmet, Black",Moving avg (3),2013-12-01,3,2014-03-01,569.0,308.0,261.0
"Sport-100 Helmet, Black","ETS (A,N,N)",2013-12-01,1,2014-01-01,291.0,273.32402054589744,17.67597945410256
"Sport-100 Helmet, Black","ETS (A,N,N)",2013-12-01,2,2014-02-01,154.0,273.32402054589744,119.32402054589744
"Sport-100 Helmet, Black","ETS (A,N,N)",2013-12-01,3,2014-03-01,569.0,273.32402054589744,295.67597945410256
"Sport-100 Helmet, Black","ETS (A,Ad,N)",2013-12-01,1,2014-01-01,291.0,284.2728460830401,6.727153916959878
"Sport-100 Helmet, Black","ETS (A,Ad,N)",2013-12-01,2,2014-02-01,154.0,289.8975271775547,135.8975271775547
"Sport-100 Helmet, Black","ETS (A,Ad,N)",2013-12-01,3,2014-03-01,569.0,295.409714650179,273.590285349821
"Sport-100 Helmet, Black","ETS (A,N,N) post-break",2013-12-01,1,2014-01-01,291.0,282.934849861728,8.065150138271974
"Sport-100 Helmet, Black","ETS (A,N,N) post-break",2013-12-01,2,2014-02-01,154.0,282.934849861728,128.93484986172803
"Sport-100 Helmet, Black","ETS (A,N,N) post-break",2013-12-01,3,2014-03-01,569.0,282.934849861728,286.065150138272
"Sport-100 Helmet, Black",Naive,2014-01-01,1,2014-02-01,154.0,291.0,137.0
"Sport-100 Helmet, Black",Naive,2014-01-01,2,2014-03-01,569.0,291.0,278.0
"Sport-100 Helmet, Black",Naive,2014-01-01,3,2014-04-01,191.0,291.0,100.0
"Sport-100 Helmet, Black",Seasonal naive,2014-01-01,1,2014-02-01,154.0,139.0,15.0
"Sport-100 Helmet, Black",Seasonal naive,2014-01-01,2,2014-03-01,569.0,160.0,409.0
"Sport-100 Helmet, Black",Seasonal naive,2014-01-01,3,2014-04-01,191.0,127.0,64.0
"Sport-100 Helmet, Black",Moving avg (3),2014-01-01,1,2014-02-01,154.0,275.6666666666667,121.66666666666669
"Sport-100 Helmet, Black",Moving avg (3),2014-01-01,2,2014-03-01,569.0,275.6666666666667,293.3333333333333
"Sport-100 Helmet, Black",Moving avg (3),2014-01-01,3,2014-04-01,191.0,275.6666666666667,84.66666666666669
"Sport-100 Helmet, Black","ETS (A,N,N)",2014-01-01,1,2014-02-01,154.0,286.2529518383205,132.25295183832048
"Sport-100 Helmet, Black","ETS (A,N,N)",2014-01-01,2,2014-03-01,569.0,286.2529518383205,282.7470481616795
"Sport-100 Helmet, Black","ETS (A,N,N)",2014-01-01,3,2014-04-01,191.0,286.2529518383205,95.25295183832048
"Sport-100 Helmet, Black","ETS (A,Ad,N)",2014-01-01,1,2014-02-01,154.0,294.7396087325293,140.7396087325293
"Sport-100 Helmet, Black","ETS (A,Ad,N)",2014-01-01,2,2014-03-01,569.0,300.3276480813461,268.6723519186539
"Sport-100 Helmet, Black","ETS (A,Ad,N)",2014-01-01,3,2014-04-01,191.0,305.8039266431866,114.80392664318663
"Sport-100 Helmet, Black","ETS (A,N,N) post-break",2014-01-01,1,2014-02-01,154.0,288.8232926114892,134.8232926114892
"Sport-100 Helmet, Black","ETS (A,N,N) post-break",2014-01-01,2,2014-03-01,569.0,288.8232926114892,280.1767073885108
"Sport-100 Helmet, Black","ETS (A,N,N) post-break",2014-01-01,3,2014-04-01,191.0,288.8232926114892,97.8232926114892
"Sport-100 Helmet, Black",Naive,2014-02-01,1,2014-03-01,569.0,154.0,415.0
"Sport-100 Helmet, Black",Naive,2014-02-01,2,2014-04-01,191.0,154.0,37.0
"Sport-100 Helmet, Black",Naive,2014-02-01,3,2014-05-01,420.0,154.0,266.0
"Sport-100 Helmet, Black",Seasonal naive,2014-02-01,1,2014-03-01,569.0,160.0,409.0
"Sport-100 Helmet, Black",Seasonal naive,2014-02-01,2,2014-04-01,191.0,127.0,64.0
"Sport-100 Helmet, Black",Seasonal naive,2014-02-01,3,2014-05-01,420.0,228.0,192.0
"Sport-100 Helmet, Black",Moving avg (3),2014-02-01,1,2014-03-01,569.0,236.0,333.0
"Sport-100 Helmet, Black",Moving avg (3),2014-02-01,2,2014-04-01,191.0,236.0,45.0
"Sport-100 Helmet, Black",Moving avg (3),2014-02-01,3,2014-05-01,420.0,236.0,184.0
"Sport-100 Helmet, Black","ETS (A,N,N)",2014-02-01,1,2014-03-01,569.0,190.30320791026554,378.69679208973446
"Sport-100 Helmet, Black","ETS (A,N,N)",2014-02-01,2,2014-04-01,191.0,190.30320791026554,0.6967920897344584
"Sport-100 Helmet, Black","ETS (A,N,N)",2014-02-01,3,2014-05-01,420.0,190.30320791026554,229.69679208973446
"Sport-100 Helmet, Black","ETS (A,Ad,N)",2014-02-01,1,2014-03-01,569.0,196.80929316119756,372.19070683880244
"Sport-100 Helmet, Black","ETS (A,Ad,N)",2014-02-01,2,2014-04-01,191.0,199.28667612208872,8.286676122088721
"Sport-100 Helmet, Black","ETS (A,Ad,N)",2014-02-01,3,2014-05-01,420.0,201.66043103054247,218.33956896945753
"Sport-100 Helmet, Black","ETS (A,N,N) post-break",2014-02-01,1,2014-03-01,569.0,198.8232397494856,370.1767602505144
"Sport-100 Helmet, Black","ETS (A,N,N) post-break",2014-02-01,2,2014-04-01,191.0,198.8232397494856,7.8232397494855945
"Sport-100 Helmet, Black","ETS (A,N,N) post-break",2014-02-01,3,2014-05-01,420.0,198.8232397494856,221.1767602505144
"Sport-100 Helmet, Red",Naive,2013-11-01,1,2013-12-01,258.0,296.0,38.0
"Sport-100 Helmet, Red",Naive,2013-11-01,2,2014-01-01,271.0,296.0,25.0
"Sport-100 Helmet, Red",Naive,2013-11-01,3,2014-02-01,182.0,296.0,114.0
"Sport-100 Helmet, Red",Seasonal naive,2013-11-01,1,2013-12-01,258.0,54.0,204.0
"Sport-100 Helmet, Red",Seasonal naive,2013-11-01,2,2014-01-01,271.0,45.0,226.0
"Sport-100 Helmet, Red",Seasonal naive,2013-11-01,3,2014-02-01,182.0,111.0,71.0
"Sport-100 Helmet, Red",Moving avg (3),2013-11-01,1,2013-12-01,258.0,320.3333333333333,62.333333333333314
"Sport-100 Helmet, Red",Moving avg (3),2013-11-01,2,2014-01-01,271.0,320.3333333333333,49.333333333333314
"Sport-100 Helmet, Red",Moving avg (3),2013-11-01,3,2014-02-01,182.0,320.3333333333333,138.33333333333331
"Sport-100 Helmet, Red","ETS (A,N,N)",2013-11-01,1,2013-12-01,258.0,308.7354140687486,50.73541406874858
"Sport-100 Helmet, Red","ETS (A,N,N)",2013-11-01,2,2014-01-01,271.0,308.7354140687486,37.73541406874858
"Sport-100 Helmet, Red","ETS (A,N,N)",2013-11-01,3,2014-02-01,182.0,308.7354140687486,126.73541406874858
"Sport-100 Helmet, Red","ETS (A,Ad,N)",2013-11-01,1,2013-12-01,258.0,320.4859457708236,62.485945770823605
"Sport-100 Helmet, Red","ETS (A,Ad,N)",2013-11-01,2,2014-01-01,271.0,326.8987512040741,55.898751204074074
"Sport-100 Helmet, Red","ETS (A,Ad,N)",2013-11-01,3,2014-02-01,182.0,333.1833005286595,151.18330052865952
"Sport-100 Helmet, Red","ETS (A,N,N) post-break",2013-11-01,1,2013-12-01,258.0,344.58899213401384,86.58899213401384
"Sport-100 Helmet, Red","ETS (A,N,N) post-break",2013-11-01,2,2014-01-01,271.0,344.58899213401384,73.58899213401384
"Sport-100 Helmet, Red","ETS (A,N,N) post-break",2013-11-01,3,2014-02-01,182.0,344.58899213401384,162.58899213401384
"Sport-100 Helmet, Red",Naive,2013-12-01,1,2014-01-01,271.0,258.0,13.0
"Sport-100 Helmet, Red",Naive,2013-12-01,2,2014-02-01,182.0,258.0,76.0
"Sport-100 Helmet, Red",Naive,2013-12-01,3,2014-03-01,556.0,258.0,298.0
"Sport-100 Helmet, Red",Seasonal naive,2013-12-01,1,2014-01-01,271.0,45.0,226.0
"Sport-100 Helmet, Red",Seasonal naive,2013-12-01,2,2014-02-01,182.0,111.0,71.0
"Sport-100 Helmet, Red",Seasonal naive,2013-12-01,3,2014-03-01,556.0,146.0,410.0
"Sport-100 Helmet, Red",Moving avg (3),2013-12-01,1,2014-01-01,271.0,299.6666666666667,28.666666666666686
"Sport-100 Helmet, Red",Moving avg (3),2013-12-01,2,2014-02-01,182.0,299.6666666666667,117.66666666666669
"Sport-100 Helmet, Red",Moving avg (3),2013-12-01,3,2014-03-01,556.0,299.6666666666667,256.3333333333333
"Sport-100 Helmet, Red","ETS (A,N,N)",2013-12-01,1,2014-01-01,271.0,272.350326346173,1.3503263461730057
"Sport-100 Helmet, Red","ETS (A,N,N)",2013-12-01,2,2014-02-01,182.0,272.350326346173,90.350326346173
"Sport-100 Helmet, Red","ETS (A,N,N)",2013-12-01,3,2014-03-01,556.0,272.350326346173,283.649673653827
"Sport-100 Helmet, Red","ETS (A,Ad,N)",2013-12-01,1,2014-01-01,271.0,283.0050972831559,12.00509728315592
"Sport-100 Helmet, Red","ETS (A,Ad,N)",2013-12-01,2,2014-02-01,182.0,288.5589390763019,106.5589390763019
"Sport-100 Helmet, Red","ETS (A,Ad,N)",2013-12-01,3,2014-03-01,556.0,294.00170403358493,261.99829596641507
"Sport-100 Helmet, Red","ETS (A,N,N) post-break",2013-12-01,1,2014-01-01,271.0,258.05726978698203,12.942730213017967
"Sport-100 Helmet, Red","ETS (A,N,N) post-break",2013-12-01,2,2014-02-01,182.0,258.05726978698203,76.05726978698203
"Sport-100 Helmet, Red","ETS (A,N,N) post-break",2013-12-01,3,2014-03-01,556.0,258.05726978698203,297.94273021301797
"Sport-100 Helmet, Red",Naive,2014-01-01,1,2014-02-01,182.0,271.0,89.0
"Sport-100 Helmet, Red",Naive,2014-01-01,2,2014-03-01,556.0,271.0,285.0
"Sport-100 Helmet, Red",Naive,2014-01-01,3,2014-04-01,241.0,271.0,30.0
"Sport-100 Helmet, Red",Seasonal naive,2014-01-01,1,2014-02-01,182.0,111.0,71.0
"Sport-100 Helmet, Red",Seasonal naive,2014-01-01,2,2014-03-01,556.0,146.0,410.0
"Sport-100 Helmet, Red",Seasonal naive,2014-01-01,3,2014-04-01,241.0,146.0,95.0
"Sport-100 Helmet, Red",Moving avg (3),2014-01-01,1,2014-02-01,182.0,275.0,93.0
"Sport-100 Helmet, Red",Moving avg (3),2014-01-01,2,2014-03-01,556.0,275.0,281.0
"Sport-100 Helmet, Red",Moving avg (3),2014-01-01,3,2014-04-01,241.0,275.0,34.0
"Sport-100 Helmet, Red","ETS (A,N,N)",2014-01-01,1,2014-02-01,182.0,271.37708723125377,89.37708723125377
"Sport-100 Helmet, Red","ETS (A,N,N)",2014-01-01,2,2014-03-01,556.0,271.37708723125377,284.62291276874623
"Sport-100 Helmet, Red","ETS (A,N,N)",2014-01-01,3,2014-04-01,241.0,271.37708723125377,30.377087231253768
"Sport-100 Helmet, Red","ETS (A,Ad,N)",2014-01-01,1,2014-02-01,182.0,280.01504852990803,98.01504852990803
"Sport-100 Helmet, Red","ETS (A,Ad,N)",2014-01-01,2,2014-03-01,556.0,285.326066156173,270.673933843827
"Sport-100 Helmet, Red","ETS (A,Ad,N)",2014-01-01,3,2014-04-01,241.0,290.5308634299127,49.5308634299127
"Sport-100 Helmet, Red","ETS (A,N,N) post-break",2014-01-01,1,2014-02-01,182.0,271.39154548391184,89.39154548391184
"Sport-100 Helmet, Red","ETS (A,N,N) post-break",2014-01-01,2,2014-03-01,556.0,271.39154548391184,284.60845451608816
"Sport-100 Helmet, Red","ETS (A,N,N) post-break",2014-01-01,3,2014-04-01,241.0,271.39154548391184,30.39154548391184
"Sport-100 Helmet, Red",Naive,2014-02-01,1,2014-03-01,556.0,182.0,374.0
"Sport-100 Helmet, Red",Naive,2014-02-01,2,2014-04-01,241.0,182.0,59.0
"Sport-100 Helmet, Red",Naive,2014-02-01,3,2014-05-01,390.0,182.0,208.0
"Sport-100 Helmet, Red",Seasonal naive,2014-02-01,1,2014-03-01,556.0,146.0,410.0
"Sport-100 Helmet, Red",Seasonal naive,2014-02-01,2,2014-04-01,241.0,146.0,95.0
"Sport-100 Helmet, Red",Seasonal naive,2014-02-01,3,2014-05-01,390.0,226.0,164.0
"Sport-100 Helmet, Red",Moving avg (3),2014-02-01,1,2014-03-01,556.0,237.0,319.0
"Sport-100 Helmet, Red",Moving avg (3),2014-02-01,2,2014-04-01,241.0,237.0,4.0
"Sport-100 Helmet, Red",Moving avg (3),2014-02-01,3,2014-05-01,390.0,237.0,153.0
"Sport-100 Helmet, Red","ETS (A,N,N)",2014-02-01,1,2014-03-01,556.0,206.67985953814724,349.32014046185276
"Sport-100 Helmet, Red","ETS (A,N,N)",2014-02-01,2,2014-04-01,241.0,206.67985953814724,34.32014046185276
"Sport-100 Helmet, Red","ETS (A,N,N)",2014-02-01,3,2014-05-01,390.0,206.67985953814724,183.32014046185276
"Sport-100 Helmet, Red","ETS (A,Ad,N)",2014-02-01,1,2014-03-01,556.0,213.45300867857873,342.5469913214213
"Sport-100 Helmet, Red","ETS (A,Ad,N)",2014-02-01,2,2014-04-01,241.0,216.7084863797837,24.291513620216307
"Sport-100 Helmet, Red","ETS (A,Ad,N)",2014-02-01,3,2014-05-01,390.0,219.86187459008278,170.13812540991722
"Sport-100 Helmet, Red","ETS (A,N,N) post-break",2014-02-01,1,2014-03-01,556.0,199.65377146884694,356.3462285311531
"Sport-100 Helmet, Red","ETS (A,N,N) post-break",2014-02-01,2,2014-04-01,241.0,199.65377146884694,41.34622853115306
"Sport-100 Helmet, Red","ETS (A,N,N) post-break",2014-02-01,3,2014-05-01,390.0,199.65377146884694,190.34622853115306
