product,model,month,units,lo80,hi80,lo95,hi95,est_revenue
AWC Logo Cap,"ETS (A,N,N)",2014-06,378.0654166875113,222.48570929818962,533.645124076833,140.12678713360089,616.0040462414217,2781.4547673833945
AWC Logo Cap,"ETS (A,N,N)",2014-07,378.0654166875113,215.59682070467989,540.5340126703427,129.59114120268575,626.5396921723368,2781.4547673833945
AWC Logo Cap,"ETS (A,N,N)",2014-08,378.0654166875113,208.98838096143152,547.1424524135911,119.48440477552856,636.646428599494,2781.4547673833945
"Long-Sleeve Logo Jersey, L",Seasonal naive,2014-06,415.0,214.25497442098344,615.7450255790166,107.99293840911952,722.0070615908805,13967.525859223542
"Long-Sleeve Logo Jersey, L",Seasonal naive,2014-07,374.0,139.95823534556914,608.0417646544308,16.070959173935364,731.9290408260647,12587.601617709892
"Long-Sleeve Logo Jersey, L",Seasonal naive,2014-08,219.0,0.0,447.6171686529251,0.0,568.6329982519767,7370.814851011942
"Sport-100 Helmet, Blue","ETS (A,N,N)",2014-06,357.79650437454615,237.01217858607396,478.58083016301833,173.07281879911838,542.5201899499739,10463.120108463529
"Sport-100 Helmet, Blue","ETS (A,N,N)",2014-07,357.79650437454615,228.8882091263794,486.7047996227129,160.64827968528394,554.9447290638084,10463.120108463529
"Sport-100 Helmet, Blue","ETS (A,N,N)",2014-08,357.79650437454615,221.2467192725502,494.3462894765421,148.96162945254912,566.6313792965432,10463.120108463529
"Sport-100 Helmet, Black","ETS (A,N,N)",2014-06,345.0588321771837,221.1264586501258,468.9912057042416,155.52062305457525,534.5970412997922,10002.57348029164
"Sport-100 Helmet, Black","ETS (A,N,N)",2014-07,345.0588321771837,212.6391552097849,477.4785091445825,142.5404125689659,547.5772517854016,10002.57348029164
"Sport-100 Helmet, Black","ETS (A,N,N)",2014-08,345.0588321771837,204.664001473734,485.45366288063343,130.34346746423472,559.7741968901328,10002.57348029164
"Sport-100 Helmet, Red",Moving avg (3),2014-06,395.6666666666667,149.63398749091166,641.6993458424217,19.399460686267332,771.933872647066,11922.344639739857
"Sport-100 Helmet, Red",Moving avg (3),2014-07,395.6666666666667,171.50848565477497,619.8248476785584,52.85296911414821,738.4803642191852,11922.344639739857
"Sport-100 Helmet, Red",Moving avg (3),2014-08,395.6666666666667,167.16580995895106,624.1675233743823,46.21154873039745,745.1217846029359,11922.344639739857
