,orders,orders,revenue,revenue
channel,Online (individual),Store (reseller),Online (individual),Store (reseller)
order_month,,,,
2011-05-01,5.0,38.0,14477.3382,489328.57869999995
2011-06-01,141.0,0.0,458910.8248000006,0.0
2011-07-01,156.0,75.0,506191.69120000076,1538408.3121999998
2011-08-01,150.0,100.0,485198.6594000007,2010618.074099999
2011-09-01,157.0,0.0,502073.84580000077,0.0
2011-10-01,174.0,153.0,561681.4758000008,4027080.340199998
2011-11-01,230.0,0.0,737839.8214000018,0.0
2011-12-01,188.0,40.0,596746.5568000011,713116.6943
2012-01-01,193.0,143.0,614557.9350000013,3356069.3440000024
2012-02-01,182.0,37.0,592526.9676000011,882899.9424
2012-03-01,219.0,85.0,706631.5268000012,2269116.7117
2012-04-01,201.0,68.0,632797.031400001,1001803.7670000001
2012-05-01,221.0,72.0,680913.2906000015,2393689.5231999992
2012-06-01,251.0,139.0,498163.64359999966,3601190.7136
2012-07-01,274.0,111.0,532594.6707999995,2885359.1991
2012-08-01,212.0,73.0,373483.0054,1802154.2126
2012-09-01,219.0,133.0,400335.6144999998,3053816.326
2012-10-01,207.0,114.0,358877.8907000002,2185213.2149
2012-11-01,318.0,65.0,555160.1427999998,1317541.8334
2012-12-01,246.0,132.0,444558.22809999954,2384846.5908000004
2013-01-01,294.0,106.0,523917.3814999994,1563955.0808
2013-02-01,251.0,74.0,451643.7175999996,1865278.4340000006
2013-03-01,307.0,134.0,531316.2870999994,2880752.6804999984
2013-04-01,326.0,102.0,544393.2059999995,1987872.7062999988
2013-05-01,333.0,95.0,578200.2777999995,2667423.4773000004
2013-06-01,533.0,186.0,860141.1299999957,4220928.0019
2013-07-01,1564.0,176.0,847138.6499999871,4049215.0886000004
2013-08-01,1690.0,99.0,1049907.3899999845,2284056.6777000003
2013-09-01,1612.0,179.0,1046022.7699999885,3486885.9354
2013-10-01,1792.0,176.0,1284592.929999989,3511220.3598000007
2013-11-01,2007.0,96.0,1643177.779999991,1668952.465699999
2013-12-01,1875.0,175.0,1371675.8099999889,2703810.8156999988
2014-01-01,1966.0,175.0,1551065.5599999882,2738752.3913999987
2014-02-01,1753.0,3.0,1334494.3899999908,3230.6456
2014-03-01,2128.0,271.0,1691178.9099999897,5526352.182000002
2014-04-01,2113.0,2.0,1795889.1299999868,1284.793
2014-05-01,2232.0,179.0,1951195.8999999864,3415479.0693
