customer_id,store,territory,revenue,orders,aov,recency_days,value_tier,status
29490,Bicycle Accessories and Kits,Northwest,6587.3763,3,2195.7921,489,Q4 (lowest),Lapsed (>120 days)
29494,Vinyl and Plastic Goods Corporation,Canada,16225.015,9,1802.7794444444444,31,Q3,Active (ordered in last 120 days)
29495,Top of the Line Bikes,Germany,3372.3383999999996,3,1124.1127999999999,62,Q4 (lowest),Active (ordered in last 120 days)
29496,Fun Toys and Bikes,Southwest,95228.2242,4,23807.05605,31,Q2,Active (ordered in last 120 days)
29498,Metropolitan Sales and Rental,Northeast,5178.612499999999,8,647.3265624999999,31,Q4 (lowest),Active (ordered in last 120 days)
29499,Valley Toy Store,Canada,234957.32170000003,8,29369.665212500004,31,Q1 (top),Active (ordered in last 120 days)
29501,Purchase Mart,Northeast,8799.1298,4,2199.78245,31,Q3,Active (ordered in last 120 days)
29502,Major Sport Suppliers,Northwest,1146.246,4,286.5615,92,Q4 (lowest),Active (ordered in last 120 days)
29505,Imported and Domestic Cycles,Northwest,149.031,1,149.031,428,Q4 (lowest),Lapsed (>120 days)
29506,Systematic Sales,Southwest,28016.6979,4,7004.174475,62,Q3,Active (ordered in last 120 days)
29507,eCommerce Bikes,Southeast,446013.5351,8,55751.6918875,428,Q1 (top),Lapsed (>120 days)
29508,Mountain Toy Store,Southwest,9078.4705,10,907.84705,31,Q3,Active (ordered in last 120 days)
29510,Designated Distributors,Canada,125357.0395,4,31339.259875,793,Q2,Lapsed (>120 days)
29511,Bold Bike Accessories,Central,144735.22269999998,11,13157.747518181817,62,Q2,Active (ordered in last 120 days)
29513,Tiny Bike Boutique,Southeast,194423.137,4,48605.78425,428,Q1 (top),Lapsed (>120 days)
29514,Acclaimed Bicycle Company,Southeast,7300.8288,4,1825.2072,31,Q4 (lowest),Active (ordered in last 120 days)
29518,Distinctive Cycles Sales & Service,Southeast,12343.8207,5,2468.76414,31,Q3,Active (ordered in last 120 days)
29519,Leading Bike Distributors,Southeast,21860.136,4,5465.034,62,Q3,Active (ordered in last 120 days)
29520,Activity Center,Southeast,42650.3953,8,5331.2994125,92,Q3,Active (ordered in last 120 days)
29522,Resale Services,Southwest,492362.7634,12,41030.23028333333,62,Q1 (top),Active (ordered in last 120 days)
29524,Immense Manufacturing Company,Central,181062.71279999998,4,45265.678199999995,62,Q1 (top),Active (ordered in last 120 days)
29526,Pedaling Components,Germany,56130.0691,4,14032.517275,62,Q2,Active (ordered in last 120 days)
29529,Seaside Bike Works,Australia,9413.351999999999,4,2353.3379999999997,31,Q3,Active (ordered in last 120 days)
29530,Nice Bikes,Canada,11035.8233,4,2758.955825,397,Q3,Lapsed (>120 days)
29532,Road-Way Mart,Northwest,2485.7036,1,2485.7036,640,Q4 (lowest),Lapsed (>120 days)
29533,Small Cycle Store,Central,82846.2403,12,6903.853358333334,92,Q2,Active (ordered in last 120 days)
29539,Gasless Cycle Shop,Canada,59958.02730000001,12,4996.502275000001,62,Q2,Active (ordered in last 120 days)
29543,Bike Boutique,Northeast,284876.0711,8,35609.5088875,62,Q1 (top),Active (ordered in last 120 days)
29544,Finer Cycle Shop,Canada,59324.4988,8,7415.56235,62,Q2,Active (ordered in last 120 days)
29547,Second Bike Shop,Australia,3288.918,3,1096.306,152,Q4 (lowest),Lapsed (>120 days)
29550,Another Bicycle Company,Northwest,216653.62310000003,4,54163.40577500001,31,Q1 (top),Active (ordered in last 120 days)
29551,Fourth Bike Store,Northeast,126693.2422,4,31673.31055,31,Q2,Active (ordered in last 120 days)
29552,Rodeway Bike Store,Germany,132143.7063,4,33035.926575,31,Q2,Active (ordered in last 120 days)
29553,Unsurpassed Bikes,Southwest,21244.541999999998,4,5311.135499999999,31,Q3,Active (ordered in last 120 days)
29554,Field Trip Inc,Central,15005.034499999998,8,1875.6293124999997,336,Q3,Lapsed (>120 days)
29555,Tire Company,Northeast,13657.5288,5,2731.50576,244,Q3,Lapsed (>120 days)
29557,Odometers and Accessories Company,Canada,197801.05599999998,4,49450.263999999996,31,Q1 (top),Active (ordered in last 120 days)
29558,Scratch-Resistant Finishes Company,Canada,45769.579699999995,9,5085.508855555555,336,Q2,Lapsed (>120 days)
29559,Safe Cycles Shop,Northwest,443316.1126,8,55414.514075,31,Q1 (top),Active (ordered in last 120 days)
29562,Golf and Cycle Store,Southwest,585516.4328,8,73189.5541,397,Q1 (top),Lapsed (>120 days)
29563,Front Runner Bikes,Southeast,184837.32989999998,4,46209.332474999996,31,Q1 (top),Active (ordered in last 120 days)
29566,Historic Bicycle Sales,Central,26558.922,4,6639.7305,823,Q3,Lapsed (>120 days)
29570,Grease and Oil Products Company,Southwest,54890.571899999995,12,4574.214325,92,Q2,Active (ordered in last 120 days)
29574,Third Bike Store,Southwest,18400.5905,8,2300.0738125,31,Q3,Active (ordered in last 120 days)
29575,Atypical Bike Company,France,381.192,2,190.596,244,Q4 (lowest),Lapsed (>120 days)
29576,Bikes for Two,Canada,7777.8731,8,972.2341375,31,Q3,Active (ordered in last 120 days)
29577,Metal Processing Company,Canada,65140.38680000001,12,5428.365566666667,31,Q2,Active (ordered in last 120 days)
29582,Raw Materials Inc,Northwest,153310.57869999998,4,38327.644674999996,793,Q2,Lapsed (>120 days)
29583,Lots of Bikes Storehouse,Central,3385.3678,5,677.07356,62,Q4 (lowest),Active (ordered in last 120 days)
29584,Futuristic Bikes,Southwest,5776.9527,7,825.2789571428572,31,Q4 (lowest),Active (ordered in last 120 days)
29586,North Bike Company,Germany,44976.5567,8,5622.0695875,62,Q3,Active (ordered in last 120 days)
29587,Prosperous Tours,United Kingdom,354607.325,8,44325.915625,92,Q1 (top),Active (ordered in last 120 days)
29590,Metro Bike Works,Central,8886.479099999999,7,1269.4970142857142,62,Q3,Active (ordered in last 120 days)
29592,Painters Bicycle Specialists,Northeast,107591.66900000001,12,8965.972416666667,31,Q2,Active (ordered in last 120 days)
29594,Eastside Sporting Goods,Northeast,357708.7747,4,89427.193675,458,Q1 (top),Lapsed (>120 days)
29595,Helmets and Cycles,Australia,116300.9473,4,29075.236825,92,Q2,Active (ordered in last 120 days)
29596,Requisite Part Supply,Canada,36649.9908,4,9162.4977,823,Q3,Lapsed (>120 days)
29597,Racks and Security Systems,Southeast,10135.8348,4,2533.9587,62,Q3,Active (ordered in last 120 days)
29598,Mechanical Products Ltd.,Southwest,41195.552500000005,8,5149.444062500001,62,Q3,Active (ordered in last 120 days)
29600,Online Bike Sellers,Central,17582.3954,3,5860.798466666667,397,Q3,Lapsed (>120 days)
29601,Custom Accessories Company,Canada,269007.3018,8,33625.912725,62,Q1 (top),Active (ordered in last 120 days)
29602,Unusual Bicycle Company,Australia,8406.4692,4,2101.6173,92,Q3,Active (ordered in last 120 days)
29605,Professional Cycle Store,Southwest,247900.766,8,30987.59575,92,Q1 (top),Active (ordered in last 120 days)
29609,Excellent Bikes,Germany,186217.0681,4,46554.267025,62,Q1 (top),Active (ordered in last 120 days)
29611,Alternative Vehicles,Northwest,9127.8241,3,3042.6080333333334,793,Q3,Lapsed (>120 days)
29615,Metro Metals Co.,United Kingdom,299985.1979,4,74996.299475,62,Q1 (top),Active (ordered in last 120 days)
29616,Sheet Metal Manufacturing,Southwest,617340.4578999999,8,77167.55723749999,62,Q1 (top),Active (ordered in last 120 days)
29617,Thorough Parts and Repair Services,Northwest,740985.8337999999,12,61748.819483333325,62,Q1 (top),Active (ordered in last 120 days)
29618,Uttermost Bike Shop,United Kingdom,309675.83609999996,8,38709.479512499995,62,Q1 (top),Active (ordered in last 120 days)
29622,Metro Cycle Shop,Northwest,231593.6394,10,23159.36394,31,Q1 (top),Active (ordered in last 120 days)
29623,Outdoor Sporting Goods,Southwest,10655.43,3,3551.81,183,Q3,Lapsed (>120 days)
29626,Tandem Bicycle Store,Southeast,12634.979299999999,7,1804.9970428571428,62,Q3,Active (ordered in last 120 days)
29628,Budget Toy Store,Australia,145380.12840000002,4,36345.032100000004,31,Q2,Active (ordered in last 120 days)
29629,Camping and Sports Store,Canada,343349.7833,4,85837.445825,31,Q1 (top),Active (ordered in last 120 days)
29631,Rural Department Store,Southwest,26844.250999999997,4,6711.062749999999,92,Q3,Active (ordered in last 120 days)
29633,Riverside Company,Northeast,31960.336200000005,7,4565.762314285715,62,Q3,Active (ordered in last 120 days)
29635,Responsible Bike Dealers,Central,23811.255699999998,8,2976.4069624999997,31,Q3,Active (ordered in last 120 days)
29637,Advanced Bike Components,Southwest,361999.05809999997,12,30166.588174999997,31,Q1 (top),Active (ordered in last 120 days)
29640,Distance Bikes,Southeast,3611.2394999999997,6,601.87325,62,Q4 (lowest),Active (ordered in last 120 days)
29644,Vigorous Sports Store,United Kingdom,7183.5787,7,1026.2255285714286,31,Q4 (lowest),Active (ordered in last 120 days)
29645,Sports Merchandise,Northwest,147421.7513,4,36855.437825,31,Q2,Active (ordered in last 120 days)
29646,Fitness Toy Store,Southwest,727272.6493000002,12,60606.054108333345,92,Q1 (top),Active (ordered in last 120 days)
29647,Casual Bicycle Store,Northeast,357052.9363,8,44631.6170375,92,Q1 (top),Active (ordered in last 120 days)
29650,Fitness Cycling,Southwest,1524.75,4,381.1875,92,Q4 (lowest),Active (ordered in last 120 days)
29655,Full-Service Bike Store,Central,51648.48070000001,4,12912.120175000002,762,Q2,Lapsed (>120 days)
29656,Plastic Products Manufacturers,Australia,39071.4759,4,9767.868975,92,Q3,Active (ordered in last 120 days)
29657,Kids and Adults Cycle Shop,Australia,2130.762,3,710.254,62,Q4 (lowest),Active (ordered in last 120 days)
29658,Grand Discount Store,Northeast,292229.5405,8,36528.6925625,92,Q1 (top),Active (ordered in last 120 days)
29662,Fleet Bikes,Southwest,6417.1108,3,2139.0369333333333,428,Q4 (lowest),Lapsed (>120 days)
29666,South Bike Company,Canada,61696.564099999996,4,15424.141024999999,62,Q2,Active (ordered in last 120 days)
29667,Wonderful Bikes Inc.,Southeast,47318.0679,4,11829.516975,428,Q2,Lapsed (>120 days)
29668,Discount Bicycle Specialists,Central,419.4589,1,419.4589,974,Q4 (lowest),Lapsed (>120 days)
29670,First Supplies,Australia,30845.6092,4,7711.4023,92,Q3,Active (ordered in last 120 days)
29671,Machines & Cycles Store,Canada,46616.668000000005,4,11654.167000000001,92,Q2,Active (ordered in last 120 days)
29672,Pedals Warehouse,Southeast,2845.7808999999997,6,474.29681666666664,92,Q4 (lowest),Active (ordered in last 120 days)
29673,Two Wheels Cycle Store,Southwest,22340.7593,4,5585.189825,762,Q3,Lapsed (>120 days)
29677,Urban Sports Emporium,Canada,35248.765,8,4406.095625,62,Q3,Active (ordered in last 120 days)
29679,Primary Cycle Shop,Germany,8644.6718,7,1234.9531142857143,92,Q3,Active (ordered in last 120 days)
29681,Touring Services,Southeast,12790.0805,5,2558.0161,214,Q3,Lapsed (>120 days)
29682,Vehicle Shop,Southwest,11934.6698,8,1491.833725,92,Q3,Active (ordered in last 120 days)
29683,First Department Stores,Northwest,40268.8978,8,5033.612225,92,Q3,Active (ordered in last 120 days)
29684,Grand Sport Boutique,Central,82135.5767,8,10266.9470875,62,Q2,Active (ordered in last 120 days)
29686,Distinctive Store,Southwest,28783.544800000003,4,7195.886200000001,762,Q3,Lapsed (>120 days)
29687,Nearby Bike Mall,Germany,26427.372,4,6606.843,31,Q3,Active (ordered in last 120 days)
29688,Handy Bike Services,Central,9457.807799999999,5,1891.5615599999996,62,Q3,Active (ordered in last 120 days)
29689,Friendly Bike Shop,Northwest,532224.7572,8,66528.09465,92,Q1 (top),Active (ordered in last 120 days)
29690,Fashionable Bikes and Accessories,Northwest,415310.5504,12,34609.21253333333,31,Q1 (top),Active (ordered in last 120 days)
29692,Citywide Service and Repair,Canada,325022.9127,8,40627.8640875,92,Q1 (top),Active (ordered in last 120 days)
29693,Best Cycle Store,Germany,272052.2257,4,68013.056425,92,Q1 (top),Active (ordered in last 120 days)
29694,Professional Sporting Goods,Northeast,4466.8308,4,1116.7077,92,Q4 (lowest),Active (ordered in last 120 days)
29696,Principal Bike Company,Southwest,86197.0946,8,10774.636825,31,Q2,Active (ordered in last 120 days)
29699,Neighborhood Store,Canada,112263.7268,4,28065.9317,428,Q2,Lapsed (>120 days)
29701,Outdoor Equipment Store,Northeast,746317.5293,8,93289.6911625,31,Q1 (top),Active (ordered in last 120 days)
29702,Paint Supply,Southwest,395867.2726,12,32988.93938333334,31,Q1 (top),Active (ordered in last 120 days)
29704,Rally Day Mall,Southeast,334662.9859,8,41832.8732375,92,Q1 (top),Active (ordered in last 120 days)
29707,Sales and Supply Company,Southeast,416702.7289,8,52087.8411125,31,Q1 (top),Active (ordered in last 120 days)
29711,Certified Sports Supply,Canada,13427.694,6,2237.949,31,Q3,Active (ordered in last 120 days)
29713,Rampart Amusement Company,United Kingdom,5179.8109,4,1294.952725,62,Q4 (lowest),Active (ordered in last 120 days)
29716,Farthermost Bike Shop,Southwest,693502.4852,12,57791.873766666664,62,Q1 (top),Active (ordered in last 120 days)
29722,Vigorous Exercise Company,Canada,841908.7707000001,12,70159.06422500001,31,Q1 (top),Active (ordered in last 120 days)
29727,Stock Parts and Supplies,Northwest,178066.6501,4,44516.662525,62,Q1 (top),Active (ordered in last 120 days)
29728,Roadway Supplies,Northwest,1778.4284,2,889.2142,882,Q4 (lowest),Lapsed (>120 days)
29729,Sensational Discount Store,Southeast,323.994,1,323.994,123,Q4 (lowest),Lapsed (>120 days)
29730,Future Bikes,Canada,11038.0303,6,1839.6717166666667,31,Q3,Active (ordered in last 120 days)
29731,Super Sports Store,Northeast,51803.14150000001,12,4316.928458333335,62,Q2,Active (ordered in last 120 days)
29733,Regional Manufacturing,Southwest,1440.8086,2,720.4043,854,Q4 (lowest),Lapsed (>120 days)
29736,Action Bicycle Specialists,United Kingdom,321752.8347,4,80438.208675,31,Q1 (top),Active (ordered in last 120 days)
29738,Sleek Bikes ,Central,185859.5956,4,46464.8989,31,Q1 (top),Active (ordered in last 120 days)
29739,Retail Sporting Equipment,Southwest,114294.4289,4,28573.607225,397,Q2,Lapsed (>120 days)
29740,Price-Cutter Discount Bikes,Canada,64700.467899999996,8,8087.5584874999995,31,Q2,Active (ordered in last 120 days)
29743,Summer Sports Place,Central,2518.5038,4,629.62595,214,Q4 (lowest),Lapsed (>120 days)
29746,Bicycle Outfitters,Northeast,182730.24719999998,8,22841.280899999998,397,Q1 (top),Lapsed (>120 days)
29747,The Bike Shop,Northwest,18521.2815,9,2057.920166666667,92,Q3,Active (ordered in last 120 days)
29749,Qualified Sales and Repair Services,Southeast,137715.8538,4,34428.96345,793,Q2,Lapsed (>120 days)
29751,Lustrous Paints and Components,Germany,1344.588,1,1344.588,367,Q4 (lowest),Lapsed (>120 days)
29753,Coho Sports,Northwest,8477.617100000001,8,1059.7021375000002,62,Q3,Active (ordered in last 120 days)
29761,General Bike Corporation,Canada,60430.2789,12,5035.856575,92,Q2,Active (ordered in last 120 days)
29763,Retail Cycle Shop,Southwest,91.176,1,91.176,670,Q4 (lowest),Lapsed (>120 days)
29765,Blue Bicycle Company,Central,3922.2795,3,1307.4265,152,Q4 (lowest),Lapsed (>120 days)
29768,Riding Excursions,Southwest,419.4589,1,419.4589,913,Q4 (lowest),Lapsed (>120 days)
29770,Rural Cycle Emporium,Canada,443861.82440000004,8,55482.728050000005,31,Q1 (top),Active (ordered in last 120 days)
29771,Associated Bikes,Northwest,7780.3388,4,1945.0847,458,Q3,Lapsed (>120 days)
29774,Journey Sporting Goods,Southwest,175502.1574,4,43875.53935,793,Q2,Lapsed (>120 days)
29775,Two Bike Shops,Northwest,7860.6248,8,982.5781,31,Q3,Active (ordered in last 120 days)
29776,Cycles Wholesaler & Mfg.,United Kingdom,103282.81520000001,4,25820.703800000003,92,Q2,Active (ordered in last 120 days)
29777,Wheels Inc.,France,2074.698,2,1037.349,62,Q4 (lowest),Active (ordered in last 120 days)
29779,Racing Supply Distributors,France,39484.3157,4,9871.078925,62,Q3,Active (ordered in last 120 days)
29780,Standard Bikes,Canada,49438.8177,8,6179.8522125,62,Q2,Active (ordered in last 120 days)
29781,The Bicycle Accessories Company,Southwest,29527.997600000002,8,3690.9997000000003,31,Q3,Active (ordered in last 120 days)
29783,Futuristic Sport Distributors,Central,309077.4104,8,38634.6763,92,Q1 (top),Active (ordered in last 120 days)
29784,Big-Time Bike Store,Southwest,83292.2089,8,10411.5261125,62,Q2,Active (ordered in last 120 days)
29785,The Showroom,Canada,2041.0745000000002,4,510.26862500000004,62,Q4 (lowest),Active (ordered in last 120 days)
29786,Spa and Exercise Outfitters,France,209695.14580000003,8,26211.893225000003,62,Q1 (top),Active (ordered in last 120 days)
29788,The New Bike Store,Southwest,5362.5698,7,766.0814,397,Q4 (lowest),Lapsed (>120 days)
29789,Primary Bike Distributors,Canada,278198.2232,12,23183.185266666667,62,Q1 (top),Active (ordered in last 120 days)
29790,Major Bicycle Store,Australia,200.052,1,200.052,336,Q4 (lowest),Lapsed (>120 days)
29791,Leather and Vinyl Manufacturing,Northeast,55710.70420000001,4,13927.676050000002,793,Q2,Lapsed (>120 days)
29794,Wholesale Parts,Canada,71252.8201,4,17813.205025,793,Q2,Lapsed (>120 days)
29795,Steel Inc.,France,147554.8321,8,18444.3540125,92,Q2,Active (ordered in last 120 days)
29796,Riding Cycles,United Kingdom,282701.3221,4,70675.330525,31,Q1 (top),Active (ordered in last 120 days)
29800,Latest Accessories Sales,Northwest,16169.889900000002,5,3233.9779800000006,62,Q3,Active (ordered in last 120 days)
29802,Hometown Riding Supplies,Germany,144.0,1,144.0,275,Q4 (lowest),Lapsed (>120 days)
29804,Games and Sport Supply Company,Southeast,18055.392,4,4513.848,31,Q3,Active (ordered in last 120 days)
29807,Cross-Country Riding Supplies,Canada,69150.3094,4,17287.57735,793,Q2,Lapsed (>120 days)
29808,Stylish Department Stores,Southeast,11250.2604,3,3750.0867999999996,762,Q3,Lapsed (>120 days)
29810,Central Discount Store,Northwest,109764.07059999999,12,9147.005883333333,31,Q2,Active (ordered in last 120 days)
29812,Bicycle Warehouse Inc.,Germany,7557.8132,8,944.72665,31,Q3,Active (ordered in last 120 days)
29814,Exemplary Cycles,Southeast,22181.729,4,5545.43225,62,Q3,Active (ordered in last 120 days)
29816,Progressive Sports,Northwest,25199.4994,8,3149.937425,62,Q3,Active (ordered in last 120 days)
29817,Underglaze and Finish Company,Southeast,120639.5433,4,30159.885825,62,Q2,Active (ordered in last 120 days)
29820,Mountain Bike Store,Northeast,106971.4343,4,26742.858575,92,Q2,Active (ordered in last 120 days)
29822,Family Cycle Store,Canada,250219.2785,8,31277.4098125,31,Q1 (top),Active (ordered in last 120 days)
29823,Popular Bike Lines,Australia,105590.13100000001,4,26397.532750000002,31,Q2,Active (ordered in last 120 days)
29824,Superb Sales and Repair,Canada,88724.6287,9,9858.292077777778,92,Q2,Active (ordered in last 120 days)
29825,Better Bike Shop,Southeast,422706.6023,12,35225.55019166667,92,Q1 (top),Active (ordered in last 120 days)
29827,First Bike Store,Central,711864.7623999998,12,59322.06353333331,92,Q1 (top),Active (ordered in last 120 days)
29828,Traditional Department Stores,Northeast,158171.4804,8,19771.43505,62,Q2,Active (ordered in last 120 days)
29831,Operational Manufacturing,Canada,352.386,1,352.386,31,Q4 (lowest),Active (ordered in last 120 days)
29833,Retread Tire Company,Southeast,5751.6151,4,1437.903775,397,Q4 (lowest),Lapsed (>120 days)
29837,Producer Goods Clearinghouse,Germany,15381.669000000002,8,1922.7086250000002,92,Q3,Active (ordered in last 120 days)
29838,Recreation Systems,Northeast,3554.9671000000003,7,507.8524428571429,31,Q4 (lowest),Active (ordered in last 120 days)
29839,Rustic Bike Store,Germany,3192.3709000000003,4,798.0927250000001,31,Q4 (lowest),Active (ordered in last 120 days)
29843,Running and Cycling Gear,Northwest,215977.96229999998,4,53994.490574999996,31,Q1 (top),Active (ordered in last 120 days)
29848,Little Bicycle Supply Shop,Central,3560.9519999999998,3,1186.984,62,Q4 (lowest),Active (ordered in last 120 days)
29849,Retail Toy Store,Southeast,5291.4436,7,755.9205142857143,367,Q4 (lowest),Lapsed (>120 days)
29851,Leisure Clearing House,United Kingdom,7047.5964,5,1409.51928,62,Q4 (lowest),Active (ordered in last 120 days)
29852,The Commissary,Canada,714.5072,2,357.2536,489,Q4 (lowest),Lapsed (>120 days)
29853,Affordable Sports Equipment,Southwest,311446.43100000004,8,38930.803875000005,428,Q1 (top),Lapsed (>120 days)
29856,Community Department Stores,France,54633.657699999996,8,6829.2072124999995,31,Q2,Active (ordered in last 120 days)
29857,Area Sheet Metal Supply,United Kingdom,2446.3776,5,489.27552,62,Q4 (lowest),Active (ordered in last 120 days)
29859,Rural Sales and Service,Southwest,5146.3219,2,2573.16095,762,Q4 (lowest),Lapsed (>120 days)
29860,Tubeless Tire Company,United Kingdom,200.052,1,200.052,336,Q4 (lowest),Lapsed (>120 days)
29861,Hardware Components,Central,408483.4465,4,102120.861625,793,Q1 (top),Lapsed (>120 days)
29862,Retail Sporting Goods,Northwest,183.9382,1,183.9382,640,Q4 (lowest),Lapsed (>120 days)
29863,Efficient Cycling,Canada,12224.879,4,3056.21975,62,Q3,Active (ordered in last 120 days)
29865,Highway Bike Shop,Southwest,68492.0982,12,5707.674849999999,62,Q2,Active (ordered in last 120 days)
29867,Roving Sports,Northwest,17320.332499999997,7,2474.333214285714,92,Q3,Active (ordered in last 120 days)
29869,Major Amusement Company,France,28485.664099999998,8,3560.7080124999998,62,Q3,Active (ordered in last 120 days)
29870,Retail Discount Store,Canada,672.294,1,672.294,31,Q4 (lowest),Active (ordered in last 120 days)
29871,Vale Riding Supplies,Southwest,21287.058100000002,4,5321.7645250000005,92,Q3,Active (ordered in last 120 days)
29872,A Great Bicycle Company,Central,9055.2903,6,1509.21505,214,Q3,Lapsed (>120 days)
29873,Certified Bicycle Supply,Northwest,40148.0299,8,5018.5037375,31,Q3,Active (ordered in last 120 days)
29875,Instant Cycle Store,France,8075.4331,6,1345.9055166666667,92,Q3,Active (ordered in last 120 days)
29876,Leisure Activities,Canada,19151.57,4,4787.8925,428,Q3,Lapsed (>120 days)
29880,Consolidated Sales,Southeast,193708.59500000003,12,16142.38291666667,62,Q1 (top),Active (ordered in last 120 days)
29881,Home Town Bike Store,Canada,2225.328,4,556.332,31,Q4 (lowest),Active (ordered in last 120 days)
29882,Optimal Bikes,Southeast,2254.7753000000002,4,563.6938250000001,397,Q4 (lowest),Lapsed (>120 days)
29884,Extras Sporting Goods,Central,67.539,1,67.539,489,Q4 (lowest),Lapsed (>120 days)
29885,Sure & Reliable Sporting Goods,Northwest,387118.3508,8,48389.79385,428,Q1 (top),Lapsed (>120 days)
29886,Eleventh Bike Store,Northeast,57.6808,1,57.6808,1005,Q4 (lowest),Lapsed (>120 days)
29887,Enterprise Center,Germany,8582.946,4,2145.7365,31,Q3,Active (ordered in last 120 days)
29889,Separate Parts Corporation,Southwest,286972.08650000003,8,35871.510812500004,458,Q1 (top),Lapsed (>120 days)
29892,Non-Slip Pedal Company,Canada,101871.2266,9,11319.025177777778,244,Q2,Lapsed (>120 days)
29894,"Fabrikam Inc., East",Germany,116553.24,4,29138.31,92,Q2,Active (ordered in last 120 days)
29899,Pretty Bikes and Toys,France,132838.36800000002,4,33209.592000000004,62,Q2,Active (ordered in last 120 days)
29901,Sturdy Toys,Southwest,427890.8367,12,35657.569725,62,Q1 (top),Active (ordered in last 120 days)
29902,Beneficial Exercises and Activities,Southwest,1714.6947,5,342.93894,123,Q4 (lowest),Lapsed (>120 days)
29903,Fad Outlet,Northwest,14378.8968,7,2054.128114285714,31,Q3,Active (ordered in last 120 days)
29905,Acceptable Sales & Service,Canada,1258.3767,2,629.18835,793,Q4 (lowest),Lapsed (>120 days)
29909,Spare Parts Co.,France,253972.85780000003,8,31746.607225000003,92,Q1 (top),Active (ordered in last 120 days)
29910,Twelfth Bike Store,Canada,292234.85480000003,8,36529.356850000004,62,Q1 (top),Active (ordered in last 120 days)
29911,Consolidated Messenger,Canada,128376.1096,4,32094.0274,62,Q2,Active (ordered in last 120 days)
29912,Daring Rides,Southeast,81838.60369999999,4,20459.650924999998,823,Q2,Lapsed (>120 days)
29914,Finish and Sealant Products,Southwest,5925.7862000000005,3,1975.262066666667,762,Q4 (lowest),Lapsed (>120 days)
29916,Glossy Bikes,Northeast,239853.119,4,59963.27975,31,Q1 (top),Active (ordered in last 120 days)
29917,Next Door Cycles,Germany,220496.68879999997,4,55124.17219999999,31,Q1 (top),Active (ordered in last 120 days)
29918,Up-To-Date Sports,Canada,125793.7992,4,31448.4498,62,Q2,Active (ordered in last 120 days)
29921,Scooters and Bikes Store,Northwest,193258.6708,4,48314.6677,762,Q1 (top),Lapsed (>120 days)
29922,Closest Bicycle Store,United Kingdom,117491.42480000001,4,29372.856200000002,31,Q2,Active (ordered in last 120 days)
29923,Roadway Bicycle Supply,France,436921.6548,4,109230.4137,62,Q1 (top),Active (ordered in last 120 days)
29924,Reasonable Bicycle Sales,Central,572035.1120999999,8,71504.38901249999,62,Q1 (top),Active (ordered in last 120 days)
29926,Outdoor Aerobic Systems Company,United Kingdom,3288.918,3,1096.306,152,Q4 (lowest),Lapsed (>120 days)
29927,Self-Contained Cycle Parts Company,France,4456.5315,7,636.6473571428571,31,Q4 (lowest),Active (ordered in last 120 days)
29931,Kickstands and Accessories Company,Northwest,115533.2759,4,28883.318975,31,Q2,Active (ordered in last 120 days)
29932,Instruments and Parts Company,United Kingdom,201888.66330000001,4,50472.165825000004,31,Q1 (top),Active (ordered in last 120 days)
29935,Frugal Bike Shop,Northwest,268660.7965,8,33582.5995625,62,Q1 (top),Active (ordered in last 120 days)
29936,Family Entertainment Center,Northwest,4708.492899999999,4,1177.1232249999998,62,Q4 (lowest),Active (ordered in last 120 days)
29937,Go-cart and Bike Specialists,Southwest,138416.1478,4,34604.03695,458,Q2,Lapsed (>120 days)
29941,Exhibition Showroom,United Kingdom,156957.166,4,39239.2915,92,Q2,Active (ordered in last 120 days)
29942,Authorized Bike Sales and Rental,Northwest,148588.0527,4,37147.013175,62,Q2,Active (ordered in last 120 days)
29943,Two-Seater Bikes,Southwest,2930.5488,3,976.8496,31,Q4 (lowest),Active (ordered in last 120 days)
29945,Unified Sports Company,Southeast,165815.3344,11,15074.121309090908,62,Q2,Active (ordered in last 120 days)
29947,Wheelsets Storehouse,Northeast,220888.84869999997,8,27611.106087499997,62,Q1 (top),Active (ordered in last 120 days)
29950,Rapid Bikes,Canada,397553.27070000005,12,33129.439225,31,Q1 (top),Active (ordered in last 120 days)
29953,Front Sporting Goods,Northwest,130949.0945,4,32737.273625,428,Q2,Lapsed (>120 days)
29954,Elite Bikes,Southwest,179831.3508,4,44957.8377,397,Q1 (top),Lapsed (>120 days)
29957,Eastside Department Store,Southwest,636226.4698000001,8,79528.30872500001,31,Q1 (top),Active (ordered in last 120 days)
29961,Exotic Bikes,Northeast,70893.8461,10,7089.384609999999,62,Q2,Active (ordered in last 120 days)
29962,Fitness Hotel,Central,10598.542500000001,8,1324.8178125000002,31,Q3,Active (ordered in last 120 days)
29963,Every Bike Shop,Southeast,223285.39489999996,12,18607.116241666663,62,Q1 (top),Active (ordered in last 120 days)
29965,Ideal Components,Australia,6678.108,3,2226.036,31,Q4 (lowest),Active (ordered in last 120 days)
29967,Leading Sales & Repair,Central,146233.5598,4,36558.38995,762,Q2,Lapsed (>120 days)
29968,Metro Bike Mart,Southeast,149121.222,11,13556.474727272727,62,Q2,Active (ordered in last 120 days)
29970,Sensible Sports,Australia,26661.6301,4,6665.407525,92,Q3,Active (ordered in last 120 days)
29971,Reliable Retail Center,Canada,8476.682999999999,6,1412.7804999999998,31,Q3,Active (ordered in last 120 days)
29973,Friendly Bike Shop,Central,30353.213900000002,7,4336.173414285715,458,Q3,Lapsed (>120 days)
29974,Yellow Bicycle Company,Central,77468.5928,5,15493.71856,183,Q2,Lapsed (>120 days)
29977,Impervious Paint Company,France,12728.321999999998,4,3182.0804999999996,62,Q3,Active (ordered in last 120 days)
29983,Tire Exchange,Canada,18779.825100000002,8,2347.4781375000002,62,Q3,Active (ordered in last 120 days)
29986,Finished Parts Shop,France,35704.7489,8,4463.0936125,62,Q3,Active (ordered in last 120 days)
29988,Professional Cyclists,Canada,21827.4207,8,2728.4275875,428,Q3,Lapsed (>120 days)
29989,Sports Products Store,France,1732.7340000000002,4,433.18350000000004,62,Q4 (lowest),Active (ordered in last 120 days)
29990,Exclusive Bicycle Mart,United Kingdom,4680.9267,6,780.15445,62,Q4 (lowest),Active (ordered in last 120 days)
29993,Pedal Systems Company,Southeast,1772.4316,4,443.1079,428,Q4 (lowest),Lapsed (>120 days)
29994,"Health Spa, Limited",Canada,730798.7139000001,12,60899.89282500001,92,Q1 (top),Active (ordered in last 120 days)
29998,Bicycle Merchandise Warehouse,Southwest,354805.2477,4,88701.311925,397,Q1 (top),Lapsed (>120 days)
29999,Spoke Manufacturers,Southeast,1615.2174,5,323.04348,367,Q4 (lowest),Lapsed (>120 days)
30000,Leather Seat Factory,Canada,472819.0537,8,59102.3817125,92,Q1 (top),Active (ordered in last 120 days)
30001,Good Bicycle Store,Germany,1538.172,2,769.086,183,Q4 (lowest),Lapsed (>120 days)
30005,Variety Cycling,United Kingdom,97173.4232,4,24293.3558,62,Q2,Active (ordered in last 120 days)
30006,Accessories Network,France,2165.7889,3,721.9296333333333,31,Q4 (lowest),Active (ordered in last 120 days)
30007,Remote Bicycle Specialists,Canada,26778.0142,8,3347.251775,31,Q3,Active (ordered in last 120 days)
30008,Friendly Neighborhood Bikes,Central,11142.599999999999,5,2228.5199999999995,31,Q3,Active (ordered in last 120 days)
30010,Recommended Bicycles,Canada,1294.2529,2,647.12645,793,Q4 (lowest),Lapsed (>120 days)
30013,Cycles and Scooters,Southeast,15007.2845,3,5002.428166666667,762,Q3,Lapsed (>120 days)
30014,Small Bike Accessories Shop,Northeast,68431.0817,4,17107.770425,62,Q2,Active (ordered in last 120 days)
30015,List Price Catalog Company,Australia,59063.88510000001,4,14765.971275000002,62,Q2,Active (ordered in last 120 days)
30016,Seats and Saddles Company,Canada,1229.4589,1,1229.4589,609,Q4 (lowest),Lapsed (>120 days)
30017,Village Tours,Southeast,14603.1194,4,3650.77985,428,Q3,Lapsed (>120 days)
30019,Tachometers and Accessories,United Kingdom,22154.9497,8,2769.3687125,31,Q3,Active (ordered in last 120 days)
30021,Low Price Cycles,Canada,11277.198,4,2819.2995,62,Q3,Active (ordered in last 120 days)
30023,Orange Bicycle Company,Central,10016.3426,7,1430.9060857142856,62,Q3,Active (ordered in last 120 days)
30026,Rural Mountain Bike Mart,France,88448.92259999999,8,11056.115324999999,62,Q2,Active (ordered in last 120 days)
30027,Engineered Bike Systems,Southwest,22523.181899999996,4,5630.795474999999,31,Q3,Active (ordered in last 120 days)
30031,Cycle Clearance,Northwest,10355.134900000001,4,2588.7837250000002,31,Q3,Active (ordered in last 120 days)
30034,Sellers of Cycles,Northwest,24684.15,4,6171.0375,31,Q3,Active (ordered in last 120 days)
30035,Maintenance and Repair for Bicycles,Southwest,18772.6824,4,4693.1706,62,Q3,Active (ordered in last 120 days)
30037,Famous Bike Shop,Canada,45502.9712,8,5687.8714,31,Q3,Active (ordered in last 120 days)
30039,Gift and Toy Store,Central,49617.79029999999,8,6202.223787499999,92,Q2,Active (ordered in last 120 days)
30041,Executive Discount Store,Southeast,2418.8216,2,1209.4108,640,Q4 (lowest),Lapsed (>120 days)
30043,Getaway Inn,France,320221.5495,8,40027.6936875,31,Q1 (top),Active (ordered in last 120 days)
30044,Downhill Bicycle Specialists,United Kingdom,141834.2702,4,35458.56755,428,Q2,Lapsed (>120 days)
30045,Bike Experts,Northwest,147784.2145,4,36946.053625,428,Q2,Lapsed (>120 days)
30048,Top Sports Supply,Canada,602559.8925,8,75319.9865625,92,Q1 (top),Active (ordered in last 120 days)
30049,Racing Sales and Service,France,409287.8016,8,51160.9752,31,Q1 (top),Active (ordered in last 120 days)
30052,Wheel Gallery,Southwest,19413.9889,4,4853.497225,823,Q3,Lapsed (>120 days)
30054,Grown-up Bike Store,Northeast,17623.2972,4,4405.8243,62,Q3,Active (ordered in last 120 days)
30056,Sparkling Paint and Finishes,Southwest,140874.514,4,35218.6285,793,Q2,Lapsed (>120 days)
30057,Racing Association,Southeast,5090.4704,5,1018.0940800000001,92,Q4 (lowest),Active (ordered in last 120 days)
30059,Gears and Parts Company,Australia,145407.73940000002,4,36351.934850000005,62,Q2,Active (ordered in last 120 days)
30060,Executive Gift Store,Northeast,146256.5741,8,18282.0717625,62,Q2,Active (ordered in last 120 days)
30061,Big Cycle Mall,Southwest,12071.312399999999,4,3017.8280999999997,62,Q3,Active (ordered in last 120 days)
30064,Demand Distributors,Northwest,4204.029399999999,6,700.6715666666665,31,Q4 (lowest),Active (ordered in last 120 days)
30070,Vintage Sport Boutique,Northwest,213751.99670000002,4,53437.999175000004,92,Q1 (top),Active (ordered in last 120 days)
30071,Travel Sports,Northwest,161109.3682,4,40277.34205,31,Q2,Active (ordered in last 120 days)
30072,West Side Mart,United Kingdom,340.152,3,113.384,31,Q4 (lowest),Active (ordered in last 120 days)
30073,The Bike Outlet,France,105389.10590000001,4,26347.276475000002,62,Q2,Active (ordered in last 120 days)
30074,Tenth Bike Store,Canada,458373.1887,8,57296.6485875,428,Q1 (top),Lapsed (>120 days)
30080,Wingtip Toys,Northwest,1291.788,3,430.596,123,Q4 (lowest),Lapsed (>120 days)
30081,The Cycle Store,Southeast,149.874,1,149.874,214,Q4 (lowest),Lapsed (>120 days)
30084,Simple Bike Parts,Southeast,8288.763799999999,8,1036.0954749999999,92,Q3,Active (ordered in last 120 days)
30086,Fitness Toys,Germany,4689.126,4,1172.2815,62,Q4 (lowest),Active (ordered in last 120 days)
30092,Cycle Parts and Accessories,Australia,115085.63520000002,4,28771.408800000005,31,Q2,Active (ordered in last 120 days)
30093,Fasteners & Bolts Outlet,Canada,98367.41560000001,4,24591.853900000002,62,Q2,Active (ordered in last 120 days)
30096,Classic Cycle Store,Northeast,131724.3187,9,14636.035411111112,92,Q2,Active (ordered in last 120 days)
30098,Large Bike Shop,Canada,58.069,2,29.0345,548,Q4 (lowest),Lapsed (>120 days)
30099,Recreation Supplies,Southeast,1295.988,1,1295.988,397,Q4 (lowest),Lapsed (>120 days)
30100,Wire Baskets and Parts,Southwest,88310.81790000001,4,22077.704475000002,793,Q2,Lapsed (>120 days)
30101,Ultimate Bicycle Company,France,147963.79340000002,4,36990.948350000006,62,Q2,Active (ordered in last 120 days)
30103,Metropolitan Equipment,France,643745.8958,8,80468.236975,62,Q1 (top),Active (ordered in last 120 days)
30106,Solid Bike Parts,Southwest,101203.5836,8,12650.44795,397,Q2,Lapsed (>120 days)
30107,Permanent Finish Products,Northwest,577089.5723000001,12,48090.797691666674,62,Q1 (top),Active (ordered in last 120 days)
30109,Exhilarating Cycles,Central,336401.6607,8,42050.2075875,92,Q1 (top),Active (ordered in last 120 days)
30110,Exercise Center,Southwest,1625.2755000000002,4,406.31887500000005,397,Q4 (lowest),Lapsed (>120 days)
30112,Mail-Order Outlet,Northwest,477957.2715,8,59744.6589375,62,Q1 (top),Active (ordered in last 120 days)
30113,Nearby Cycle Shop,United Kingdom,273185.89080000005,8,34148.23635000001,31,Q1 (top),Active (ordered in last 120 days)
30116,Technical Parts Manufacturing,Southwest,187114.2011,4,46778.550275,92,Q1 (top),Active (ordered in last 120 days)
30117,Totes & Baskets Company,Southwest,816755.5763000001,12,68062.96469166667,62,Q1 (top),Active (ordered in last 120 days)
30118,World of Bikes,Central,278568.56999999995,8,34821.07124999999,31,Q1 (top),Active (ordered in last 120 days)
29484,Next-Door Bike Store,Southeast,131102.9823,7,18728.99747142857,397,Q2,Lapsed (>120 days)
29485,Professional Sales and Service,Southwest,112888.6664,4,28222.1666,31,Q2,Active (ordered in last 120 days)
29486,Riders Company,Central,519411.35640000005,12,43284.27970000001,31,Q1 (top),Active (ordered in last 120 days)
29487,The Bike Mechanics,Northeast,67941.1933,11,6176.472118181818,31,Q2,Active (ordered in last 120 days)
29488,Nationwide Supply,Australia,221169.78449999998,4,55292.446124999995,31,Q1 (top),Active (ordered in last 120 days)
29489,Area Bike Accessories,Southwest,380454.0325000001,12,31704.50270833334,92,Q1 (top),Active (ordered in last 120 days)
29491,Clamps & Brackets Co.,Southeast,87270.1486,4,21817.53715,823,Q2,Lapsed (>120 days)
29492,Valley Bicycle Specialists,Central,140130.84089999998,6,23355.140149999996,31,Q2,Active (ordered in last 120 days)
29493,New Bikes Company,Southeast,5670.2261,4,1417.556525,793,Q4 (lowest),Lapsed (>120 days)
29497,Great Bikes ,Northwest,700803.7853999999,12,58400.315449999995,92,Q1 (top),Active (ordered in last 120 days)
29500,Worthwhile Activity Store,Southeast,130597.77619999998,7,18656.82517142857,92,Q2,Active (ordered in last 120 days)
29503,Family's Favorite Bike Shop,Canada,10237.7845,7,1462.5406428571428,62,Q3,Active (ordered in last 120 days)
29504,Global Plaza,Southeast,158899.14880000002,4,39724.787200000006,762,Q2,Lapsed (>120 days)
29509,Retail Sales and Service,Northeast,299530.4863,12,24960.873858333332,62,Q1 (top),Active (ordered in last 120 days)
29512,Twin Cycles,Australia,7337.598,4,1834.3995,31,Q4 (lowest),Active (ordered in last 120 days)
29515,Serious Cycles,Canada,289489.2037,8,36186.1504625,244,Q1 (top),Lapsed (>120 days)
29516,Quality Bike Sales,Australia,3303.8977999999997,4,825.9744499999999,62,Q4 (lowest),Active (ordered in last 120 days)
29517,Novelty Bikes,Central,15973.3035,4,3993.325875,62,Q3,Active (ordered in last 120 days)
29521,Brightwork Company,Northwest,184846.2361,12,15403.853008333333,62,Q1 (top),Active (ordered in last 120 days)
29523,The Gear Store,Southwest,618616.1283,12,51551.344025,62,Q1 (top),Active (ordered in last 120 days)
29525,Extended Bike Sales,Southwest,261522.32690000001,4,65380.581725000004,762,Q1 (top),Lapsed (>120 days)
29527,Workout Emporium,Canada,18001.7208,4,4500.4302,31,Q3,Active (ordered in last 120 days)
29528,Work and Play Association,Central,144109.8667,8,18013.7333375,31,Q2,Active (ordered in last 120 days)
29531,Remarkable Bike Store,Northwest,100495.44979999999,11,9135.949981818181,31,Q2,Active (ordered in last 120 days)
29534,Blue-Ribbon Bike Company,Southeast,112651.9883,4,28162.997075,31,Q2,Active (ordered in last 120 days)
29535,Grand Bicycle Stores,Southwest,14042.0812,8,1755.26015,31,Q3,Active (ordered in last 120 days)
29536,Kickstand Sellers,Central,973.6662,3,324.5554,397,Q4 (lowest),Lapsed (>120 days)
29537,Nearest Bike Store,Australia,3009.54,3,1003.18,31,Q4 (lowest),Active (ordered in last 120 days)
29538,Fast Bike Works,Australia,67406.0456,4,16851.5114,62,Q2,Active (ordered in last 120 days)
29540,Lubricant and Grease Suppliers,Southeast,53376.3911,8,6672.0488875,62,Q2,Active (ordered in last 120 days)
29541,Transportation Options,Canada,3975.272,5,795.0544,517,Q4 (lowest),Lapsed (>120 days)
29542,Capital Riding Supplies,Germany,5404.2047999999995,4,1351.0511999999999,62,Q4 (lowest),Active (ordered in last 120 days)
29545,Center Cycle Shop,Northwest,249.54,1,249.54,458,Q4 (lowest),Lapsed (>120 days)
29546,Bulk Discount Store,United Kingdom,474401.8528,8,59300.2316,31,Q1 (top),Active (ordered in last 120 days)
29548,First-Rate Outlet,Canada,4537.6374000000005,4,1134.4093500000001,793,Q4 (lowest),Lapsed (>120 days)
29549,Juvenile Sports Equipment,Southeast,212208.83659999998,8,26526.104574999998,458,Q1 (top),Lapsed (>120 days)
29556,Uncompromising Quality Co,Australia,11676.336,4,2919.084,62,Q3,Active (ordered in last 120 days)
29560,Number 1 Supply,Southwest,316323.8118,8,39540.476475,62,Q1 (top),Active (ordered in last 120 days)
29561,Industrial Supplies,Southeast,154826.7083,4,38706.677075,62,Q2,Active (ordered in last 120 days)
29564,Favorite Toy Distributor,France,283745.8828,4,70936.4707,62,Q1 (top),Active (ordered in last 120 days)
29565,World Bike Discount Store,Southwest,4918.523499999999,8,614.8154374999999,183,Q4 (lowest),Lapsed (>120 days)
29567,Commuter Bicycle Store,Canada,2999.466,4,749.8665,62,Q4 (lowest),Active (ordered in last 120 days)
29568,Coalition Bike Company,Southwest,14175.718900000002,8,1771.9648625000002,31,Q3,Active (ordered in last 120 days)
29569,Travel Systems,Central,21339.314700000003,10,2133.9314700000004,62,Q3,Active (ordered in last 120 days)
29571,Moderately-Priced Bikes Store,Northwest,95321.702,12,7943.475166666667,62,Q2,Active (ordered in last 120 days)
29572,Eighty Toy Stores,Southeast,17433.196,4,4358.299,31,Q3,Active (ordered in last 120 days)
29573,Economy Bikes Company,Southwest,6221.0526,3,2073.6842,397,Q4 (lowest),Lapsed (>120 days)
29578,Widget Bicycle Specialists,Southeast,323.994,1,323.994,275,Q4 (lowest),Lapsed (>120 days)
29579,Initial Bike Company,Central,284305.6301,8,35538.2037625,31,Q1 (top),Active (ordered in last 120 days)
29580,Latest Sports Equipment,Northwest,724299.6364999999,12,60358.30304166666,92,Q1 (top),Active (ordered in last 120 days)
29581,Modern Bike Store,Northeast,94374.0022,9,10486.000244444445,123,Q2,Lapsed (>120 days)
29585,Parcel Express Delivery Service,Northwest,419.4589,1,419.4589,974,Q4 (lowest),Lapsed (>120 days)
29588,Nonskid Tire Company,Northwest,15319.221500000001,10,1531.92215,62,Q3,Active (ordered in last 120 days)
29589,Amalgamated Parts Shop,Germany,197327.5851,4,49331.896275,92,Q1 (top),Active (ordered in last 120 days)
29591,Best o' Bikes,Central,18520.2608,4,4630.0652,92,Q3,Active (ordered in last 120 days)
29593,Client Discount Store,Central,22007.815599999998,8,2750.9769499999998,62,Q3,Active (ordered in last 120 days)
29599,Commendable Bikes,Northwest,6962.377799999999,6,1160.3962999999999,92,Q4 (lowest),Active (ordered in last 120 days)
29603,Courteous Bicycle Specialists,Canada,2612.256,4,653.064,31,Q4 (lowest),Active (ordered in last 120 days)
29604,Hobby Store,Southeast,3048.591,8,381.073875,92,Q4 (lowest),Active (ordered in last 120 days)
29606,Fifth Bike Store,Northwest,14237.0464,10,1423.70464,92,Q3,Active (ordered in last 120 days)
29607,Rambling Tours,Germany,228.582,1,228.582,305,Q4 (lowest),Lapsed (>120 days)
29608,Farthest Bike Store,Canada,196449.4375,4,49112.359375,62,Q1 (top),Active (ordered in last 120 days)
29610,Curbside Universe,Northeast,16320.421100000001,7,2331.488728571429,458,Q3,Lapsed (>120 days)
29612,Channel Outlet,United Kingdom,2157.888,3,719.2959999999999,31,Q4 (lowest),Active (ordered in last 120 days)
29613,Full Sports Supply,France,28198.346700000002,4,7049.5866750000005,458,Q3,Lapsed (>120 days)
29614,Retail Mall,Canada,799277.8950000001,12,66606.49125,92,Q1 (top),Active (ordered in last 120 days)
29619,Mechanical Sports Center,Northeast,6016.307500000001,7,859.4725000000001,62,Q4 (lowest),Active (ordered in last 120 days)
29620,Two-Wheeled Transit Company,Canada,66193.21680000001,12,5516.1014000000005,62,Q2,Active (ordered in last 120 days)
29621,Mountain Emporium,Southeast,6214.259,1,6214.259,609,Q4 (lowest),Lapsed (>120 days)
29624,Tread Industries,Southeast,431991.55,4,107997.8875,793,Q1 (top),Lapsed (>120 days)
29625,Petroleum Products Distributors,Canada,169212.2207,4,42303.055175,31,Q2,Active (ordered in last 120 days)
29627,Bikes and Motorbikes,Canada,249295.548,8,31161.9435,62,Q1 (top),Active (ordered in last 120 days)
29630,Ace Bicycle Supply,France,3749.1338,6,624.8556333333333,62,Q4 (lowest),Active (ordered in last 120 days)
29632,Sports Commodities,Northwest,44945.4675,4,11236.366875,762,Q3,Lapsed (>120 days)
29634,Bicycle Exporters,Germany,30648.0939,4,7662.023475,92,Q3,Active (ordered in last 120 days)
29636,Western Bike Supplies,Northwest,19957.454700000002,4,4989.3636750000005,458,Q3,Lapsed (>120 days)
29638,Aerobic Exercise Company,Southwest,2676.6540000000005,4,669.1635000000001,31,Q4 (lowest),Active (ordered in last 120 days)
29639,Corner Bicycle Supply,Canada,787773.0438,12,65647.75365,31,Q1 (top),Active (ordered in last 120 days)
29641,Westside Plaza,Southwest,534956.2785,4,133739.069625,92,Q1 (top),Active (ordered in last 120 days)
29642,Ultimate Bike Shop,Southeast,122360.66450000001,9,13595.62938888889,31,Q2,Active (ordered in last 120 days)
29643,Outstanding Cycles,Northwest,204203.3695,4,51050.842375,62,Q1 (top),Active (ordered in last 120 days)
29648,Fitness Discount Store,Australia,3405.0733,4,851.268325,92,Q4 (lowest),Active (ordered in last 120 days)
29649,General Cycle Storehouse,Canada,261429.77320000003,8,32678.721650000003,397,Q1 (top),Lapsed (>120 days)
29651,Good Bike Shop,Central,392784.6025999999,12,32732.05021666666,31,Q1 (top),Active (ordered in last 120 days)
29652,Inexpensive Parts Shop,Australia,10749.348,4,2687.337,31,Q3,Active (ordered in last 120 days)
29653,Thrilling Bike Tours,Southwest,54331.8352,4,13582.9588,31,Q2,Active (ordered in last 120 days)
29654,This Area Sporting Goods,Central,44568.8113,8,5571.1014125,92,Q3,Active (ordered in last 120 days)
29659,Genuine Bike Shop,Southwest,43911.1524,7,6273.021771428571,214,Q3,Lapsed (>120 days)
29660,Extreme Riding Supplies,Southwest,182025.0622,4,45506.26555,31,Q1 (top),Active (ordered in last 120 days)
29661,Bike Rims Company,Southeast,76463.8734,6,12743.9789,458,Q2,Lapsed (>120 days)
29663,Local Hardware Factory,Central,41816.7177,4,10454.179425,397,Q3,Lapsed (>120 days)
29664,Only Bikes and Accessories,Northeast,42676.974,4,10669.2435,793,Q3,Lapsed (>120 days)
29665,Rental Gallery,Australia,9601.968,4,2400.492,62,Q3,Active (ordered in last 120 days)
29669,Famous Bike Sales and Service,Northeast,37289.1751,11,3389.925009090909,31,Q3,Active (ordered in last 120 days)
29674,Westside Cycle Store,Central,2414.8467,4,603.711675,579,Q4 (lowest),Lapsed (>120 days)
29675,Wholesale Bikes,Northeast,41565.9496,12,3463.829133333333,62,Q3,Active (ordered in last 120 days)
29676,Very Best Sports Supply,Germany,12649.609999999997,7,1807.0871428571425,31,Q3,Active (ordered in last 120 days)
29678,Superlative Bikes,Southeast,25242.5317,8,3155.3164625,31,Q3,Active (ordered in last 120 days)
29680,Sixth Bike Store,Canada,61809.13250000001,8,7726.141562500001,428,Q2,Lapsed (>120 days)
29685,Elemental Sporting Goods,Southeast,120347.3236,12,10028.943633333334,31,Q2,Active (ordered in last 120 days)
29691,Extreme Toy Store,Southeast,20510.735,7,2930.105,62,Q3,Active (ordered in last 120 days)
29695,Rugged Bikes,Northwest,208802.8732,4,52200.7183,31,Q1 (top),Active (ordered in last 120 days)
29697,One-Piece Handle Bars,Southeast,722.5949,1,722.5949,762,Q4 (lowest),Lapsed (>120 days)
29698,Finer Riding Supplies,Canada,290158.9276,12,24179.910633333333,62,Q1 (top),Active (ordered in last 120 days)
29700,Online Bike Catalog,Australia,2850.498,4,712.6245,31,Q4 (lowest),Active (ordered in last 120 days)
29703,Preferred Bikes,Southwest,413054.81669999997,8,51631.852087499996,428,Q1 (top),Lapsed (>120 days)
29705,Rewarding Activities Company,Canada,482738.7049,12,40228.22540833333,62,Q1 (top),Active (ordered in last 120 days)
29706,Rich Department Store,Australia,148996.50639999998,4,37249.126599999996,62,Q2,Active (ordered in last 120 days)
29708,Stationary Bikes and Stands,Southwest,61616.5168,4,15404.1292,762,Q2,Lapsed (>120 days)
29709,Successful Sales Company,Northwest,39171.4131,8,4896.4266375,31,Q3,Active (ordered in last 120 days)
29710,Downtown Hotel,Northwest,243014.54979999998,4,60753.637449999995,762,Q1 (top),Lapsed (>120 days)
29712,Registered Cycle Store,France,580222.3284,8,72527.79105,62,Q1 (top),Active (ordered in last 120 days)
29714,Sundry Sporting Goods,Canada,384394.01560000004,12,32032.834633333336,31,Q1 (top),Active (ordered in last 120 days)
29715,Excellent Riding Supplies,Southeast,853849.1795000001,12,71154.09829166667,31,Q1 (top),Active (ordered in last 120 days)
29717,Suburban Cycle Shop,Northwest,78538.69189999999,7,11219.813128571428,336,Q2,Lapsed (>120 days)
29718,Weekend Tours,Northeast,90764.20809999999,8,11345.526012499999,458,Q2,Lapsed (>120 days)
29719,Racing Bike Outlet,Northwest,7643.9962,7,1091.9994571428572,62,Q3,Active (ordered in last 120 days)
29720,Utilitarian Sporting Goods,Northwest,147887.68190000003,4,36971.920475000006,31,Q2,Active (ordered in last 120 days)
29721,Bike Goods ,Southeast,40221.1014,12,3351.75845,31,Q3,Active (ordered in last 120 days)
29723,Showcase for Cycles,Germany,1528.2776000000001,4,382.06940000000003,63,Q4 (lowest),Active (ordered in last 120 days)
29724,Lease-a-Bike Shop,Northeast,394260.68799999997,12,32855.05733333333,62,Q1 (top),Active (ordered in last 120 days)
29725,Functional Store South,Germany,153764.3534,4,38441.08835,62,Q2,Active (ordered in last 120 days)
29726,Active Cycling,Northeast,1805.4540000000002,2,902.7270000000001,489,Q4 (lowest),Lapsed (>120 days)
29732,Satin Finish Company,Southwest,278412.801,8,34801.600125,62,Q1 (top),Active (ordered in last 120 days)
29734,Original Bicycle Supply Company,Canada,416653.4821,12,34721.12350833334,92,Q1 (top),Active (ordered in last 120 days)
29735,First Center,France,1718.088,4,429.522,31,Q4 (lowest),Active (ordered in last 120 days)
29737,Roadway Bike Emporium,Northwest,148098.2923,4,37024.573075,92,Q2,Active (ordered in last 120 days)
29741,Central Bicycle Specialists,United Kingdom,1424.4864,3,474.8288,31,Q4 (lowest),Active (ordered in last 120 days)
29742,Vast Bike Sales and Rental,Northwest,138840.8436,4,34710.2109,793,Q2,Lapsed (>120 days)
29744,Real Sporting Goods,Southwest,399011.94629999995,8,49876.493287499994,92,Q1 (top),Active (ordered in last 120 days)
29745,Versatile Sporting Goods Company,Germany,16039.929,8,2004.991125,92,Q3,Active (ordered in last 120 days)
29748,Safe Toys,Southwest,131600.93540000002,4,32900.233850000004,762,Q2,Lapsed (>120 days)
29750,Our Sporting Goods Store,Canada,18030.7282,5,3606.14564,31,Q3,Active (ordered in last 120 days)
29752,Expert Sports Store,Northeast,2917.9404000000004,3,972.6468000000001,62,Q4 (lowest),Active (ordered in last 120 days)
29754,Jumbo Bikes,Australia,2860.884,1,2860.884,31,Q4 (lowest),Active (ordered in last 120 days)
29755,Quick Delivery Service,Canada,24236.3161,4,6059.079025,762,Q3,Lapsed (>120 days)
29756,Tough and Reliable Parts,Southeast,8537.4448,6,1422.9074666666666,244,Q3,Lapsed (>120 days)
29757,Basic Sports Equipment,Southwest,58236.06650000001,12,4853.005541666667,62,Q2,Active (ordered in last 120 days)
29758,Cash & Carry Bikes,Southwest,4008.8626999999997,4,1002.2156749999999,123,Q4 (lowest),Lapsed (>120 days)
29759,Convenient Bike Shop,Northeast,32646.322600000003,4,8161.580650000001,823,Q3,Lapsed (>120 days)
29760,Fitness Bike Accessories,Australia,4631.0749,3,1543.6916333333331,31,Q4 (lowest),Active (ordered in last 120 days)
29762,Quitting Business Distributors,Southeast,29518.9672,4,7379.7418,31,Q3,Active (ordered in last 120 days)
29764,Social Activities Club,Southwest,8997.816200000001,8,1124.7270250000001,62,Q3,Active (ordered in last 120 days)
29766,General Riding Supplies,Canada,1399.788,2,699.894,62,Q4 (lowest),Active (ordered in last 120 days)
29767,Parts Shop,Southeast,24.294,1,24.294,275,Q4 (lowest),Lapsed (>120 days)
29769,Unique Bikes,Central,81372.22589999999,4,20343.056474999998,762,Q2,Lapsed (>120 days)
29772,Modular Cycle Systems,Southwest,586524.9474000001,8,73315.61842500001,92,Q1 (top),Active (ordered in last 120 days)
29773,A Bike Store,Northwest,85177.0812,4,21294.2703,793,Q2,Lapsed (>120 days)
29778,Number One Bike Co.,United Kingdom,44990.0055,8,5623.7506875,92,Q3,Active (ordered in last 120 days)
29782,Active Systems,Central,639.9813,3,213.3271,458,Q4 (lowest),Lapsed (>120 days)
29787,Year-Round Sports,Northwest,148659.2722,6,24776.54536666667,609,Q2,Lapsed (>120 days)
29792,Genial Bike Associates,Southwest,294389.8076,8,36798.72595,62,Q1 (top),Active (ordered in last 120 days)
29793,Commercial Sporting Goods,Southwest,268209.286,4,67052.3215,397,Q1 (top),Lapsed (>120 days)
29797,Metro Manufacturing,Canada,52301.5365,8,6537.6920625,62,Q2,Active (ordered in last 120 days)
29798,Manufacturers Inc,Southeast,66265.5107,8,8283.1888375,62,Q2,Active (ordered in last 120 days)
29799,Locks Company,Southwest,43699.095199999996,4,10924.773799999999,31,Q3,Active (ordered in last 120 days)
29801,Incomparable Bicycle Store,Northeast,24342.472899999997,4,6085.618224999999,31,Q3,Active (ordered in last 120 days)
29803,Greater Bike Store,Canada,94372.2029,12,7864.350241666667,31,Q2,Active (ordered in last 120 days)
29805,Distant Inn,Southwest,60119.31489999999,8,7514.914362499999,92,Q2,Active (ordered in last 120 days)
29806,Finer Mart,Northwest,9530.023500000001,4,2382.5058750000003,31,Q3,Active (ordered in last 120 days)
29809,Bike World,Southwest,94534.84180000001,8,11816.855225000001,31,Q2,Active (ordered in last 120 days)
29811,Trusted Catalog Store,Southeast,151331.05560000002,12,12610.921300000002,92,Q2,Active (ordered in last 120 days)
29813,Sharp Bikes,Canada,48761.856,4,12190.464,793,Q2,Lapsed (>120 days)
29815,Metropolitan Sports Supply,Southwest,86177.84700000001,8,10772.230875000001,31,Q2,Active (ordered in last 120 days)
29818,Brakes and Gears,Northwest,877107.1922999999,12,73092.26602499999,62,Q1 (top),Active (ordered in last 120 days)
29819,The Accessories Store,Central,3520.1692000000003,5,704.03384,336,Q4 (lowest),Lapsed (>120 days)
29821,Bike Part Wholesalers,Australia,105520.8816,4,26380.2204,31,Q2,Active (ordered in last 120 days)
29826,Countryside Company,Northwest,6947.534999999999,7,992.5049999999999,92,Q4 (lowest),Active (ordered in last 120 days)
29829,Eastside Cycle Shop,Australia,2669.1109,4,667.277725,92,Q4 (lowest),Active (ordered in last 120 days)
29830,General Department Stores,Canada,34022.1735,10,3402.21735,62,Q3,Active (ordered in last 120 days)
29832,Online Bike Warehouse,Canada,667.8299999999999,2,333.91499999999996,579,Q4 (lowest),Lapsed (>120 days)
29834,Small Bike Shop,Southwest,424512.69489999994,12,35376.05790833333,31,Q1 (top),Active (ordered in last 120 days)
29835,Superior Hardware Distributors,Northwest,5229.212799999999,7,747.0303999999999,62,Q4 (lowest),Active (ordered in last 120 days)
29836,Fitness Sport Boutique,Northeast,258976.68089999998,4,64744.170224999994,428,Q1 (top),Lapsed (>120 days)
29840,Eastside Parts Shop,Canada,1691.88,3,563.96,31,Q4 (lowest),Active (ordered in last 120 days)
29841,Exchange Parts Inc.,Southeast,112448.431,4,28112.10775,31,Q2,Active (ordered in last 120 days)
29842,First Cycle Store,Southwest,138868.29619999998,10,13886.829619999999,31,Q2,Active (ordered in last 120 days)
29844,Seventh Bike Store,Northeast,402108.47180000006,12,33509.03931666667,92,Q1 (top),Active (ordered in last 120 days)
29845,Fast Services,Germany,6384.0,6,1064.0,62,Q4 (lowest),Active (ordered in last 120 days)
29846,General Associates,Southeast,101000.42480000001,12,8416.702066666667,62,Q2,Active (ordered in last 120 days)
29847,Good Toys,Southwest,2803.9816,6,467.33026666666666,31,Q4 (lowest),Active (ordered in last 120 days)
29850,All Seasons Sports Supply,Southwest,7436.268,4,1859.067,92,Q4 (lowest),Active (ordered in last 120 days)
29854,Local Sales and Rental,Central,6407.892000000001,4,1601.9730000000002,31,Q4 (lowest),Active (ordered in last 120 days)
29855,Economy Center,Canada,3464.1748,3,1154.7249333333332,517,Q4 (lowest),Lapsed (>120 days)
29858,Synthetic Materials Manufacturing,Northwest,2898.7419,3,966.2473,458,Q4 (lowest),Lapsed (>120 days)
29864,General Industries,Canada,8399.9938,7,1199.9991142857143,31,Q3,Active (ordered in last 120 days)
29866,Rental Bikes,Southwest,40581.1773,6,6763.52955,244,Q3,Lapsed (>120 days)
29868,Express Bike Services,United Kingdom,13219.944,4,3304.986,62,Q3,Active (ordered in last 120 days)
29874,Exceptional Cycle Services,United Kingdom,22606.1047,4,5651.526175,92,Q3,Active (ordered in last 120 days)
29877,Paints and Solvents Company,Central,58775.068999999996,4,14693.767249999999,31,Q2,Active (ordered in last 120 days)
29878,West Wind Distributors,Germany,29218.357399999997,4,7304.589349999999,31,Q3,Active (ordered in last 120 days)
29879,Bikes for Kids and Adults,Canada,29651.1109,8,3706.3888625,92,Q3,Active (ordered in last 120 days)
29883,Sample Bike Store,Central,87201.3143,5,17440.26286,670,Q2,Lapsed (>120 days)
29888,New and Used Bicycles,Southeast,395413.13089999993,12,32951.09424166666,62,Q1 (top),Active (ordered in last 120 days)
29890,Basic Bike Company,Northwest,13137.3691,8,1642.1711375,183,Q3,Lapsed (>120 days)
29891,"Fabrikam Inc., West",Central,248368.8168,8,31046.1021,31,Q1 (top),Active (ordered in last 120 days)
29893,Weekend Bike Tours,Southwest,1020.594,1,1020.594,367,Q4 (lowest),Lapsed (>120 days)
29895,General Supplies,Canada,318177.5925,8,39772.1990625,62,Q1 (top),Active (ordered in last 120 days)
29896,Noiseless Gear Company,Southeast,293610.7156,8,36701.33945,62,Q1 (top),Active (ordered in last 120 days)
29897,Racing Toys,Southwest,38782.496499999994,12,3231.874708333333,31,Q3,Active (ordered in last 120 days)
29898,Capable Sales and Service,Northwest,148837.6949,4,37209.423725,823,Q2,Lapsed (>120 days)
29900,Road Way Sales and Rental,Canada,758.9395,2,379.46975,397,Q4 (lowest),Lapsed (>120 days)
29904,Commerce Bicycle Specialists,United Kingdom,302043.77280000004,8,37755.471600000004,62,Q1 (top),Active (ordered in last 120 days)
29906,District Mall,Central,87491.355,4,21872.83875,793,Q2,Lapsed (>120 days)
29907,Fitness Supplies,Northwest,112900.2479,4,28225.061975,62,Q2,Active (ordered in last 120 days)
29908,Mail Market,United Kingdom,465.9,3,155.29999999999998,62,Q4 (lowest),Active (ordered in last 120 days)
29913,Field Trip Store,Central,671618.0295000001,8,83952.25368750001,62,Q1 (top),Active (ordered in last 120 days)
29915,Finer Parts Shop,Northwest,172227.7313,9,19136.41458888889,31,Q2,Active (ordered in last 120 days)
29919,Mountain Bike Center,Southwest,456739.4746000001,8,57092.43432500001,62,Q1 (top),Active (ordered in last 120 days)
29920,Specialty Sports Store,Southwest,3531.504,8,441.438,92,Q4 (lowest),Active (ordered in last 120 days)
29925,Outdoor Sports Supply,Northwest,162313.2916,7,23187.613085714285,517,Q2,Lapsed (>120 days)
29928,Metal Clearing House,Canada,91879.124,4,22969.781,62,Q2,Active (ordered in last 120 days)
29929,Many Bikes Store,Southwest,349342.1078,8,43667.763475,31,Q1 (top),Active (ordered in last 120 days)
29930,Largest Bike Store,Central,1938.9202,5,387.78404,428,Q4 (lowest),Lapsed (>120 days)
29933,Neighborhood Bicycle Storehouse,France,560.352,3,186.784,31,Q4 (lowest),Active (ordered in last 120 days)
29934,Gear-Shift Bikes Limited,Canada,202.332,1,202.332,579,Q4 (lowest),Lapsed (>120 days)
29938,Trailblazing Sports,Southwest,372146.72660000005,12,31012.22721666667,31,Q1 (top),Active (ordered in last 120 days)
29939,Racing Partners,Canada,10044.0915,4,2511.022875,31,Q3,Active (ordered in last 120 days)
29940,Perfect Toys,France,391040.5893,4,97760.147325,62,Q1 (top),Active (ordered in last 120 days)
29944,More Bikes!,Southwest,7719.6876,3,2573.2292,762,Q3,Lapsed (>120 days)
29946,National Manufacturing,Canada,153402.3663,8,19175.2957875,428,Q2,Lapsed (>120 days)
29948,Town Industries,Southwest,9969.0468,3,3323.0156,31,Q3,Active (ordered in last 120 days)
29949,Security Racks and Locks Wholesalers,Northwest,5040.2241,8,630.0280125,62,Q4 (lowest),Active (ordered in last 120 days)
29951,Metro Sports Equipment,France,99968.7104,7,14281.244342857142,31,Q2,Active (ordered in last 120 days)
29952,Nearby Sporting Goods,United Kingdom,7695.7047,5,1539.14094,62,Q3,Active (ordered in last 120 days)
29955,Catalog Store,Central,373658.4657,12,31138.205475,62,Q1 (top),Active (ordered in last 120 days)
29956,Chic Department Stores,Southwest,293829.18679999997,8,36728.648349999996,31,Q1 (top),Active (ordered in last 120 days)
29958,Sports Sales and Rental,Southeast,154348.98859999998,9,17149.88762222222,92,Q2,Active (ordered in last 120 days)
29959,Cycle Merchants,Canada,6287.783899999999,8,785.9729874999999,31,Q4 (lowest),Active (ordered in last 120 days)
29960,Global Sports Outlet,Australia,4257.6168,4,1064.4042,31,Q4 (lowest),Active (ordered in last 120 days)
29964,Grand Industries,Canada,141941.6477,4,35485.411925,31,Q2,Active (ordered in last 120 days)
29966,Larger Cycle Shop,Northeast,537528.0958,12,44794.00798333334,31,Q1 (top),Active (ordered in last 120 days)
29969,Tandem Sales and Service,Canada,24970.540100000002,6,4161.756683333334,579,Q3,Lapsed (>120 days)
29972,Liquidation Sales,Australia,61620.26210000001,4,15405.065525000002,31,Q2,Active (ordered in last 120 days)
29975,Sports Products Store,Southwest,45287.6826,8,5660.960325,31,Q3,Active (ordered in last 120 days)
29976,Selected Distributors,Southeast,17162.951699999998,4,4290.737924999999,397,Q3,Lapsed (>120 days)
29978,Shipping Specialists,United Kingdom,443.97,2,221.985,62,Q4 (lowest),Active (ordered in last 120 days)
29979,Finer Sporting Goods,France,34174.9216,4,8543.7304,62,Q3,Active (ordered in last 120 days)
29980,Authentic Sales and Service,United Kingdom,1618.393,4,404.59825,397,Q4 (lowest),Lapsed (>120 days)
29981,Official Parts Shop,Northwest,85647.4368,8,10705.9296,92,Q2,Active (ordered in last 120 days)
29982,Discount Tours,Southwest,31751.776299999998,11,2886.525118181818,31,Q3,Active (ordered in last 120 days)
29984,Racing Tours,France,20417.2598,4,5104.31495,62,Q3,Active (ordered in last 120 days)
29985,Oils and Fluids Warehouse,United Kingdom,62380.1211,8,7797.5151375,62,Q2,Active (ordered in last 120 days)
29987,Rally Master Company Inc,Southwest,355141.9807,4,88785.495175,92,Q1 (top),Active (ordered in last 120 days)
29991,City Manufacturing,Northwest,5575.247700000001,7,796.4639571428572,62,Q4 (lowest),Active (ordered in last 120 days)
29992,Bike Dealers Association,Southwest,429050.8729,12,35754.239408333335,92,Q1 (top),Active (ordered in last 120 days)
29995,Global Bike Retailers,Germany,337756.7316,4,84439.1829,62,Q1 (top),Active (ordered in last 120 days)
29996,Fashionable Department Stores,Northeast,286645.1385,8,35830.6423125,62,Q1 (top),Active (ordered in last 120 days)
29997,Closeout Boutique,Northwest,536546.1195,8,67068.2649375,62,Q1 (top),Active (ordered in last 120 days)
30002,Endurance Bikes,Northeast,1893.504,4,473.376,62,Q4 (lowest),Active (ordered in last 120 days)
30003,Practical Bike Supply Company,Central,10717.8638,4,2679.46595,397,Q3,Lapsed (>120 days)
30004,Some Discount Store,Northwest,109074.75579999998,7,15582.10797142857,152,Q2,Lapsed (>120 days)
30009,Guaranteed Sales and Service,Northeast,124961.22829999999,8,15620.153537499998,62,Q2,Active (ordered in last 120 days)
30011,Sunny Place Bikes,Southeast,83359.94550000002,11,7578.176863636365,62,Q2,Active (ordered in last 120 days)
30012,Alpine Ski House,Southwest,11346.881399999998,7,1620.983057142857,428,Q3,Lapsed (>120 days)
30018,All Cycle Shop,Northwest,3003.2028,8,375.40035,92,Q4 (lowest),Active (ordered in last 120 days)
30020,Cycles Sales and Repair,France,66126.3159,4,16531.578975,31,Q2,Active (ordered in last 120 days)
30022,Metropolitan Manufacturing,Southwest,31900.098299999998,11,2900.008936363636,62,Q3,Active (ordered in last 120 days)
30024,Riding Associates,Northwest,10349.1255,4,2587.281375,62,Q3,Active (ordered in last 120 days)
30025,Essential Bike Works,United Kingdom,59.334,2,29.667,31,Q4 (lowest),Active (ordered in last 120 days)
30028,Professional Containers and Packaging Co.,Southwest,11739.8794,4,2934.96985,428,Q3,Lapsed (>120 days)
30029,One Bike Company,Canada,60761.552200000006,8,7595.194025000001,31,Q2,Active (ordered in last 120 days)
30030,Cycling Goods,United Kingdom,60927.8699,8,7615.9837375,62,Q2,Active (ordered in last 120 days)
30032,Black Bicycle Company,Central,2472.3107,2,1236.15535,428,Q4 (lowest),Lapsed (>120 days)
30033,Transport Bikes,Northwest,4481.4769,4,1120.369225,31,Q4 (lowest),Active (ordered in last 120 days)
30036,Fitness Department Stores,Southwest,1220.4564,3,406.8188,152,Q4 (lowest),Lapsed (>120 days)
30038,Eastward Bike Accessories,Australia,2983.0189,4,745.754725,31,Q4 (lowest),Active (ordered in last 120 days)
30040,Major Sporting Goods,Southwest,939.588,2,469.794,428,Q4 (lowest),Lapsed (>120 days)
30042,Major Cycling,Canada,12056.2444,11,1096.022218181818,152,Q3,Lapsed (>120 days)
30046,Extraordinary Bike Works,Southwest,418436.52989999996,8,52304.566237499996,31,Q1 (top),Active (ordered in last 120 days)
30047,Valley Bicycle Distributors,Southwest,28933.956100000003,7,4133.4223,62,Q3,Active (ordered in last 120 days)
30050,Metropolitan Bicycle Supply,United Kingdom,559620.946,8,69952.61825,31,Q1 (top),Active (ordered in last 120 days)
30051,Honest Repair Service,Northwest,163851.8865,4,40962.971625,92,Q2,Active (ordered in last 120 days)
30053,Top Bike Market,Canada,5641.2108,3,1880.4035999999999,31,Q4 (lowest),Active (ordered in last 120 days)
30055,Bicycle Lines Distributors,Central,274395.5537,8,34299.4442125,62,Q1 (top),Active (ordered in last 120 days)
30058,Plastic Parts Company,Canada,11138.7305,8,1392.3413125,62,Q3,Active (ordered in last 120 days)
30062,Budget Bike Company,Southeast,1066.446,3,355.48199999999997,62,Q4 (lowest),Active (ordered in last 120 days)
30063,Eighth Bike Store,Southwest,107115.3313,4,26778.832825,62,Q2,Active (ordered in last 120 days)
30065,Immediate Repair Shop,Northeast,288827.1098,8,36103.388725,92,Q1 (top),Active (ordered in last 120 days)
30066,Off-Price Bike Center,Germany,1847.0629,4,461.765725,31,Q4 (lowest),Active (ordered in last 120 days)
30067,Red Bicycle Company,Canada,392495.8789,12,32707.989908333333,92,Q1 (top),Active (ordered in last 120 days)
30068,Retirement Activities Association,Southeast,1060.1100000000001,4,265.02750000000003,123,Q4 (lowest),Lapsed (>120 days)
30069,Trendy Department Stores,Southwest,4636.4220000000005,4,1159.1055000000001,31,Q4 (lowest),Active (ordered in last 120 days)
30075,Valuable Bike Parts Company,Southeast,249378.6838,8,31172.335475,92,Q1 (top),Active (ordered in last 120 days)
30076,Fun Times Club,Central,268166.0546,12,22347.171216666666,62,Q1 (top),Active (ordered in last 120 days)
30077,Chain and Chain Tool Distributions,Southeast,165.231,1,165.231,701,Q4 (lowest),Lapsed (>120 days)
30078,Mobile Outlet,Northeast,1.374,1,1.374,336,Q4 (lowest),Lapsed (>120 days)
30079,Regional Cycle Shop,Germany,1525.392,3,508.464,123,Q4 (lowest),Lapsed (>120 days)
30082,Educational Services,Germany,117328.4561,4,29332.114025,31,Q2,Active (ordered in last 120 days)
30083,Active Life Toys,Canada,200013.366,4,50003.3415,397,Q1 (top),Lapsed (>120 days)
30085,Bike Products and Accessories,Southeast,4378.7209,8,547.3401125,62,Q4 (lowest),Active (ordered in last 120 days)
30087,Quick Parts and Service,Canada,102230.4119,4,25557.602975,31,Q2,Active (ordered in last 120 days)
30088,Reliable Brake Systems,Southeast,72698.1611,4,18174.540275,762,Q2,Lapsed (>120 days)
30089,Thrifty Parts and Sales,Southwest,5227.494000000001,4,1306.8735000000001,31,Q4 (lowest),Active (ordered in last 120 days)
30090,A Typical Bike Shop,Southwest,83457.1089,4,20864.277225,762,Q2,Lapsed (>120 days)
30091,Active Transport Inc.,Northeast,88245.87269999999,8,11030.734087499999,62,Q2,Active (ordered in last 120 days)
30094,Quantity Discounts,Southwest,338939.20009999996,8,42367.400012499995,62,Q1 (top),Active (ordered in last 120 days)
30095,Swift Cycles,Southwest,228419.94589999996,12,19034.995491666665,62,Q1 (top),Active (ordered in last 120 days)
30097,Helpful Sales and Repair Service ,Australia,106761.0878,4,26690.27195,31,Q2,Active (ordered in last 120 days)
30102,Sports Store,United Kingdom,6278.4211,4,1569.605275,31,Q4 (lowest),Active (ordered in last 120 days)
30104,Extended Tours,United Kingdom,5615.5794000000005,4,1403.8948500000001,458,Q4 (lowest),Lapsed (>120 days)
30105,Convenient Sales and Service,Northwest,173228.2944,8,21653.5368,31,Q2,Active (ordered in last 120 days)
30108,Mercantile Outlet,Canada,144602.5816,4,36150.6454,428,Q2,Lapsed (>120 days)
30111,Great Bicycle Supply,Central,276526.4031,4,69131.600775,793,Q1 (top),Lapsed (>120 days)
30114,Recreation Toy Store,France,11652.9911,8,1456.6238875,92,Q3,Active (ordered in last 120 days)
30115,Retreat Inn,Canada,8917.5594,8,1114.694925,62,Q3,Active (ordered in last 120 days)
