territory,territory_group,orders,aov_all,aov_store,aov_online,store_order_share,median_online
Central,North America,385,20542.88053558442,21026.617490957455,333.4255111111111,0.9766233766233766,53.99
Northeast,North America,352,19714.13204914772,20271.467874561396,653.24682,0.9715909090909091,86.735
Southeast,North America,483,16313.749716563141,16774.874676972275,866.0635428571428,0.9710144927536232,451.495
Canada,North America,3871,4222.523612839056,20777.349123121385,618.8937754325203,0.1787651769568587,69.97
Southwest,North America,6044,3999.9507678855134,24589.159505858854,1078.6404028339357,0.12425545996029119,607.96
Northwest,North America,4422,3635.298606558128,23199.7686511194,936.7510142048487,0.12121212121212122,147.615
France,Europe,2603,2784.5726612754565,24508.18049468084,1093.4595048861331,0.07222435651171726,776.33
United Kingdom,Europe,3137,2443.911726362786,22760.68523776596,1148.708803289271,0.05992986930188078,782.99
Germany,Europe,2554,1923.2388394675188,14540.25365323741,1197.0421276190666,0.05442443226311668,801.77
Australia,Pacific,6675,1594.9548254382412,12754.6830032,1381.9829136488927,0.018726591760299626,1155.48
